noise_strength,eve_rate,qber_mean,iab_mean,iae_mean,skr_mean
0.0000,0.0000,0.000000,0.247900,0.000000,0.247900
0.0000,0.0075,0.002373,0.239648,0.013590,0.226058
0.0000,0.0150,0.009062,0.227846,0.042261,0.185586
0.0000,0.0225,0.007296,0.232181,0.036139,0.196042
0.0000,0.0300,0.014774,0.225572,0.065178,0.160394
0.0000,0.0375,0.019490,0.217946,0.080940,0.137006
0.0000,0.0450,0.022844,0.215319,0.096678,0.118641
0.0000,0.0525,0.024401,0.208383,0.098545,0.109838
0.0000,0.0600,0.031884,0.196647,0.116549,0.084462
0.0000,0.0675,0.034108,0.199942,0.126609,0.074894
0.0000,0.0750,0.036349,0.201550,0.132524,0.071624
0.0000,0.0825,0.046822,0.182545,0.150307,0.046842
0.0000,0.0900,0.040172,0.191298,0.139472,0.059178
0.0000,0.0975,0.048170,0.184313,0.154817,0.042962
0.0000,0.1050,0.046414,0.181286,0.152731,0.033653
0.0000,0.1125,0.053590,0.174389,0.167208,0.021817
0.0000,0.1200,0.070841,0.157734,0.193960,0.003650
0.0000,0.1275,0.065813,0.158109,0.181627,0.009459
0.0000,0.1350,0.068198,0.158809,0.186479,0.011001
0.0000,0.1425,0.084688,0.146616,0.207403,0.002770
0.0000,0.1500,0.074172,0.157711,0.198782,0.009747
0.0000,0.1575,0.077174,0.155894,0.205501,0.004087
0.0000,0.1650,0.088017,0.142821,0.209555,0.001504
0.0000,0.1725,0.090733,0.140012,0.214781,0.002108
0.0000,0.1800,0.091573,0.142561,0.221204,0.001616
0.0000,0.1875,0.091738,0.139258,0.215807,0.000916
0.0000,0.1950,0.092385,0.137558,0.216086,0.001414
0.0000,0.2025,0.094265,0.134988,0.211525,0.002849
0.0000,0.2100,0.107620,0.130204,0.236057,0.000000
0.0000,0.2175,0.110026,0.127430,0.234264,0.000000
0.0000,0.2250,0.103153,0.132445,0.225521,0.001494
0.0000,0.2325,0.115808,0.119303,0.234094,0.000000
0.0000,0.2400,0.121065,0.118896,0.240549,0.000000
0.0000,0.2475,0.119683,0.119263,0.241288,0.000000
0.0000,0.2550,0.131402,0.111356,0.234853,0.000000
0.0000,0.2625,0.132104,0.108117,0.237489,0.000000
0.0000,0.2700,0.126331,0.113062,0.234874,0.000000
0.0000,0.2775,0.139713,0.105240,0.241174,0.000000
0.0000,0.2850,0.141505,0.105147,0.245475,0.000000
0.0000,0.2925,0.145099,0.099600,0.235713,0.000000
0.0000,0.3000,0.155632,0.095389,0.239314,0.000000
0.0050,0.0000,0.005321,0.237720,0.027832,0.209888
0.0050,0.0075,0.010332,0.231864,0.051061,0.180804
0.0050,0.0150,0.011363,0.234686,0.055945,0.178741
0.0050,0.0225,0.014429,0.225289,0.065491,0.159799
0.0050,0.0300,0.016340,0.220640,0.070336,0.150304
0.0050,0.0375,0.025860,0.212211,0.103007,0.109637
0.0050,0.0450,0.026130,0.211075,0.105986,0.107064
0.0050,0.0525,0.031569,0.199365,0.117696,0.081669
0.0050,0.0600,0.037467,0.189808,0.130903,0.061525
0.0050,0.0675,0.032296,0.198161,0.115950,0.083584
0.0050,0.0750,0.041330,0.187674,0.138614,0.055861
0.0050,0.0825,0.051136,0.179073,0.162488,0.035447
0.0050,0.0900,0.045195,0.180174,0.147100,0.040434
0.0050,0.0975,0.053044,0.176245,0.164281,0.029335
0.0050,0.1050,0.048993,0.188558,0.163523,0.035715
0.0050,0.1125,0.055299,0.175233,0.167067,0.030474
0.0050,0.1200,0.060292,0.169143,0.178724,0.016676
0.0050,0.1275,0.066716,0.162539,0.186746,0.015754
0.0050,0.1350,0.070217,0.163921,0.200564,0.004406
0.0050,0.1425,0.077793,0.151630,0.203893,0.003770
0.0050,0.1500,0.071127,0.159958,0.198948,0.003222
0.0050,0.1575,0.079813,0.152767,0.205447,0.005846
0.0050,0.1650,0.089398,0.139233,0.210630,0.000000
0.0050,0.1725,0.085178,0.149899,0.215091,0.005430
0.0050,0.1800,0.109273,0.128094,0.238339,0.000000
0.0050,0.1875,0.097704,0.136660,0.222723,0.002268
0.0050,0.1950,0.092869,0.139731,0.216312,0.004767
0.0050,0.2025,0.107646,0.130643,0.235926,0.000000
0.0050,0.2100,0.091778,0.141827,0.220475,0.000916
0.0050,0.2175,0.116096,0.122965,0.239014,0.000000
0.0050,0.2250,0.113463,0.126815,0.240416,0.000000
0.0050,0.2325,0.122573,0.121990,0.242157,0.000000
0.0050,0.2400,0.126399,0.116489,0.243102,0.000055
0.0050,0.2475,0.124504,0.119544,0.247352,0.000000
0.0050,0.2550,0.138387,0.109677,0.244649,0.000000
0.0050,0.2625,0.135892,0.111851,0.250149,0.000000
0.0050,0.2700,0.145860,0.098597,0.238356,0.000000
0.0050,0.2775,0.139122,0.108091,0.244246,0.000000
0.0050,0.2850,0.144142,0.103138,0.241290,0.000000
0.0050,0.2925,0.152459,0.097014,0.237700,0.000000
0.0050,0.3000,0.164637,0.090406,0.240823,0.000000
0.0100,0.0000,0.007141,0.237532,0.037003,0.200529
0.0100,0.0075,0.017211,0.224484,0.075864,0.148620
0.0100,0.0150,0.016790,0.220933,0.074975,0.145959
0.0100,0.0225,0.021067,0.217095,0.085738,0.131357
0.0100,0.0300,0.025487,0.214771,0.104601,0.110170
0.0100,0.0375,0.026807,0.205767,0.103873,0.102386
0.0100,0.0450,0.032885,0.201954,0.122323,0.080910
0.0100,0.0525,0.041932,0.189934,0.141601,0.055196
0.0100,0.0600,0.039694,0.196475,0.138538,0.066013
0.0100,0.0675,0.037316,0.193834,0.135083,0.061722
0.0100,0.0750,0.048685,0.178855,0.151258,0.043258
0.0100,0.0825,0.045428,0.189952,0.155632,0.040031
0.0100,0.0900,0.055670,0.175413,0.171378,0.031607
0.0100,0.0975,0.056241,0.177169,0.176958,0.019305
0.0100,0.1050,0.055602,0.174389,0.170405,0.023212
0.0100,0.1125,0.066445,0.165624,0.187971,0.016358
0.0100,0.1200,0.068181,0.161949,0.187875,0.011933
0.0100,0.1275,0.070534,0.159441,0.191376,0.015637
0.0100,0.1350,0.075207,0.159989,0.206975,0.004055
0.0100,0.1425,0.086624,0.143244,0.210631,0.006398
0.0100,0.1500,0.070144,0.158378,0.189739,0.011050
0.0100,0.1575,0.077665,0.150311,0.201150,0.002878
0.0100,0.1650,0.081661,0.146833,0.202249,0.007029
0.0100,0.1725,0.087989,0.143864,0.213848,0.003283
0.0100,0.1800,0.099143,0.135533,0.230862,0.000000
0.0100,0.1875,0.096791,0.134687,0.218440,0.001920
0.0100,0.1950,0.102579,0.135660,0.228512,0.003334
0.0100,0.2025,0.105102,0.129547,0.227431,0.003179
0.0100,0.2100,0.113020,0.123757,0.231935,0.000000
0.0100,0.2175,0.116344,0.123244,0.235490,0.000000
0.0100,0.2250,0.134787,0.107473,0.229080,0.000000
0.0100,0.2325,0.121348,0.116986,0.241108,0.000000
0.0100,0.2400,0.127924,0.118739,0.254116,0.000000
0.0100,0.2475,0.123849,0.116634,0.234845,0.002209
0.0100,0.2550,0.131967,0.113898,0.253978,0.000000
0.0100,0.2625,0.128339,0.113540,0.241252,0.000456
0.0100,0.2700,0.141232,0.104666,0.246728,0.000000
0.0100,0.2775,0.154372,0.099520,0.245081,0.000000
0.0100,0.2850,0.168870,0.088039,0.237611,0.000000
0.0100,0.2925,0.152534,0.098541,0.235778,0.000000
0.0100,0.3000,0.145500,0.104275,0.241006,0.000000
0.0150,0.0000,0.013991,0.231291,0.067288,0.164002
0.0150,0.0075,0.017507,0.222230,0.076742,0.145488
0.0150,0.0150,0.023429,0.212536,0.095877,0.116659
0.0150,0.0225,0.023788,0.210466,0.098647,0.111820
0.0150,0.0300,0.028595,0.201530,0.110038,0.091984
0.0150,0.0375,0.032255,0.199583,0.120463,0.080593
0.0150,0.0450,0.030869,0.209263,0.119100,0.090293
0.0150,0.0525,0.034363,0.201968,0.130771,0.072453
0.0150,0.0600,0.042901,0.186715,0.145989,0.046164
0.0150,0.0675,0.048281,0.180672,0.157890,0.032903
0.0150,0.0750,0.048439,0.185812,0.163587,0.029745
0.0150,0.0825,0.050843,0.182075,0.162868,0.035969
0.0150,0.0900,0.053650,0.185397,0.172918,0.030797
0.0150,0.0975,0.056533,0.179361,0.173295,0.034219
0.0150,0.1050,0.061717,0.168830,0.183301,0.015088
0.0150,0.1125,0.069632,0.164026,0.197430,0.009441
0.0150,0.1200,0.069720,0.160684,0.195369,0.007582
0.0150,0.1275,0.077383,0.156263,0.202220,0.010091
0.0150,0.1350,0.077353,0.154683,0.202325,0.007908
0.0150,0.1425,0.092899,0.139284,0.215213,0.001376
0.0150,0.1500,0.087256,0.149278,0.223984,0.003449
0.0150,0.1575,0.088403,0.143030,0.212605,0.004205
0.0150,0.1650,0.092245,0.140305,0.220845,0.000808
0.0150,0.1725,0.099785,0.134808,0.223224,0.002194
0.0150,0.1800,0.091587,0.143506,0.221983,0.001322
0.0150,0.1875,0.104904,0.133380,0.235781,0.000000
0.0150,0.1950,0.105342,0.133780,0.231910,0.001557
0.0150,0.2025,0.114878,0.122541,0.234578,0.000651
0.0150,0.2100,0.122392,0.119296,0.235108,0.000181
0.0150,0.2175,0.124235,0.116949,0.236594,0.000000
0.0150,0.2250,0.116638,0.121445,0.239416,0.000000
0.0150,0.2325,0.130678,0.114031,0.250949,0.000000
0.0150,0.2400,0.132584,0.110356,0.240539,0.000000
0.0150,0.2475,0.139350,0.106222,0.244579,0.000000
0.0150,0.2550,0.135799,0.110003,0.243583,0.000000
0.0150,0.2625,0.144952,0.101694,0.240481,0.000000
0.0150,0.2700,0.144908,0.103652,0.248817,0.000000
0.0150,0.2775,0.142485,0.104754,0.241373,0.000000
0.0150,0.2850,0.161237,0.094501,0.243578,0.000000
0.0150,0.2925,0.154149,0.097577,0.247018,0.000000
0.0150,0.3000,0.174392,0.086162,0.234287,0.000000
0.0200,0.0000,0.017096,0.220954,0.074196,0.146758
0.0200,0.0075,0.022018,0.217293,0.094967,0.122326
0.0200,0.0150,0.023110,0.216889,0.093855,0.123048
0.0200,0.0225,0.033220,0.202924,0.126318,0.078628
0.0200,0.0300,0.032966,0.202453,0.121950,0.082918
0.0200,0.0375,0.036166,0.203839,0.136802,0.070495
0.0200,0.0450,0.047393,0.186041,0.155254,0.044753
0.0200,0.0525,0.043882,0.190556,0.144699,0.056415
0.0200,0.0600,0.049801,0.186067,0.163440,0.037098
0.0200,0.0675,0.049758,0.189572,0.167605,0.034328
0.0200,0.0750,0.054843,0.181669,0.172411,0.033013
0.0200,0.0825,0.057974,0.175409,0.177062,0.021741
0.0200,0.0900,0.069530,0.166746,0.195937,0.011010
0.0200,0.0975,0.066888,0.163884,0.189458,0.010404
0.0200,0.1050,0.074321,0.160732,0.208450,0.002678
0.0200,0.1125,0.071738,0.164971,0.199631,0.011367
0.0200,0.1200,0.073835,0.154814,0.193288,0.008880
0.0200,0.1275,0.076122,0.158308,0.208592,0.004309
0.0200,0.1350,0.081994,0.153396,0.215843,0.002705
0.0200,0.1425,0.093046,0.140123,0.218660,0.003318
0.0200,0.1500,0.080572,0.150235,0.206124,0.001672
0.0200,0.1575,0.093866,0.140711,0.221206,0.000618
0.0200,0.1650,0.094594,0.139410,0.218182,0.002042
0.0200,0.1725,0.112059,0.129878,0.243704,0.001390
0.0200,0.1800,0.105880,0.132454,0.238198,0.000000
0.0200,0.1875,0.105190,0.130773,0.230856,0.000000
0.0200,0.1950,0.120805,0.119937,0.240643,0.000000
0.0200,0.2025,0.113772,0.125275,0.235586,0.001777
0.0200,0.2100,0.118578,0.125470,0.240576,0.000000
0.0200,0.2175,0.121830,0.120906,0.237715,0.000000
0.0200,0.2250,0.142821,0.104943,0.243681,0.000000
0.0200,0.2325,0.129247,0.116128,0.250937,0.000000
0.0200,0.2400,0.131324,0.113791,0.244520,0.000000
0.0200,0.2475,0.141168,0.101069,0.234542,0.000000
0.0200,0.2550,0.143182,0.101175,0.243794,0.000000
0.0200,0.2625,0.148509,0.102166,0.252986,0.000000
0.0200,0.2700,0.152156,0.100792,0.252735,0.000000
0.0200,0.2775,0.150301,0.098990,0.236365,0.000000
0.0200,0.2850,0.162956,0.093956,0.241188,0.000000
0.0200,0.2925,0.141312,0.107396,0.252316,0.000000
0.0200,0.3000,0.163458,0.091852,0.245542,0.000000
0.0250,0.0000,0.019673,0.224719,0.083165,0.141554
0.0250,0.0075,0.029913,0.211817,0.117560,0.094256
0.0250,0.0150,0.033582,0.207050,0.129083,0.078400
0.0250,0.0225,0.041269,0.192485,0.145387,0.051811
0.0250,0.0300,0.042616,0.190232,0.148780,0.044600
0.0250,0.0375,0.037335,0.195863,0.135665,0.063595
0.0250,0.0450,0.042983,0.192491,0.150661,0.045900
0.0250,0.0525,0.049511,0.185966,0.160917,0.040186
0.0250,0.0600,0.052016,0.182062,0.165464,0.036897
0.0250,0.0675,0.054493,0.179560,0.173515,0.023889
0.0250,0.0750,0.063420,0.173079,0.189820,0.013910
0.0250,0.0825,0.060094,0.173132,0.183756,0.017631
0.0250,0.0900,0.064243,0.165487,0.187113,0.008987
0.0250,0.0975,0.071174,0.161069,0.197972,0.004585
0.0250,0.1050,0.081245,0.155640,0.219975,0.000000
0.0250,0.1125,0.080835,0.155248,0.217809,0.001955
0.0250,0.1200,0.082324,0.154224,0.216001,0.000783
0.0250,0.1275,0.085983,0.147434,0.215905,0.003811
0.0250,0.1350,0.090784,0.145657,0.229307,0.000000
0.0250,0.1425,0.091714,0.144442,0.223581,0.000118
0.0250,0.1500,0.103303,0.134207,0.234707,0.000000
0.0250,0.1575,0.104003,0.136893,0.238629,0.000000
0.0250,0.1650,0.096056,0.139238,0.224291,0.001777
0.0250,0.1725,0.111389,0.126828,0.233570,0.000000
0.0250,0.1800,0.108356,0.130159,0.237527,0.000000
0.0250,0.1875,0.116593,0.122825,0.240253,0.000000
0.0250,0.1950,0.119217,0.120216,0.234634,0.000000
0.0250,0.2025,0.119370,0.118886,0.240659,0.000000
0.0250,0.2100,0.124535,0.119489,0.248479,0.000000
0.0250,0.2175,0.125758,0.121324,0.254802,0.000609
0.0250,0.2250,0.138602,0.110740,0.254645,0.000000
0.0250,0.2325,0.137392,0.107928,0.249259,0.000000
0.0250,0.2400,0.131903,0.110229,0.241336,0.000000
0.0250,0.2475,0.148315,0.102121,0.250761,0.000000
0.0250,0.2550,0.145503,0.107560,0.248027,0.000000
0.0250,0.2625,0.157447,0.095111,0.239396,0.000000
0.0250,0.2700,0.136811,0.107433,0.242248,0.000000
0.0250,0.2775,0.143914,0.108417,0.257138,0.000000
0.0250,0.2850,0.158560,0.094649,0.247083,0.000000
0.0250,0.2925,0.155395,0.097187,0.248375,0.000000
0.0250,0.3000,0.160422,0.092601,0.242500,0.000000
0.0300,0.0000,0.022228,0.221816,0.096267,0.125680
0.0300,0.0075,0.034080,0.202095,0.125243,0.079441
0.0300,0.0150,0.034388,0.202377,0.122703,0.085035
0.0300,0.0225,0.038473,0.202700,0.142202,0.064239
0.0300,0.0300,0.043561,0.186837,0.144558,0.053425
0.0300,0.0375,0.053662,0.182534,0.168352,0.035977
0.0300,0.0450,0.043989,0.191489,0.153813,0.044404
0.0300,0.0525,0.050697,0.183411,0.165359,0.032467
0.0300,0.0600,0.061687,0.173553,0.187561,0.016907
0.0300,0.0675,0.058699,0.174230,0.175529,0.030366
0.0300,0.0750,0.069886,0.164036,0.190651,0.018413
0.0300,0.0825,0.064594,0.172424,0.190906,0.020760
0.0300,0.0900,0.077825,0.159118,0.210902,0.003640
0.0300,0.0975,0.067589,0.162078,0.191364,0.013405
0.0300,0.1050,0.079909,0.158798,0.214731,0.007671
0.0300,0.1125,0.085744,0.153796,0.223047,0.004964
0.0300,0.1200,0.076971,0.157709,0.211403,0.001036
0.0300,0.1275,0.085732,0.152065,0.221296,0.002006
0.0300,0.1350,0.092039,0.143919,0.225611,0.000000
0.0300,0.1425,0.105770,0.136571,0.241481,0.001254
0.0300,0.1500,0.105095,0.134431,0.238779,0.000000
0.0300,0.1575,0.097267,0.143302,0.234496,0.000000
0.0300,0.1650,0.111566,0.128343,0.238939,0.000000
0.0300,0.1725,0.120368,0.124557,0.244909,0.000000
0.0300,0.1800,0.117183,0.124796,0.244833,0.000000
0.0300,0.1875,0.120690,0.119822,0.244564,0.000000
0.0300,0.1950,0.114843,0.128452,0.244137,0.000000
0.0300,0.2025,0.130537,0.117126,0.252219,0.000000
0.0300,0.2100,0.133475,0.110168,0.246352,0.000000
0.0300,0.2175,0.134228,0.113194,0.249995,0.000000
0.0300,0.2250,0.145201,0.102909,0.245022,0.000000
0.0300,0.2325,0.126445,0.117935,0.248038,0.000000
0.0300,0.2400,0.137355,0.108299,0.245246,0.000000
0.0300,0.2475,0.145730,0.103966,0.254759,0.000000
0.0300,0.2550,0.145788,0.104948,0.245106,0.000000
0.0300,0.2625,0.150450,0.099520,0.244320,0.000000
0.0300,0.2700,0.154787,0.098238,0.247633,0.000000
0.0300,0.2775,0.166554,0.092327,0.254315,0.000000
0.0300,0.2850,0.172455,0.084530,0.237221,0.000000
0.0300,0.2925,0.168446,0.089660,0.237225,0.000000
0.0300,0.3000,0.169640,0.090521,0.244782,0.000000
0.0350,0.0000,0.034952,0.204964,0.131048,0.077065
0.0350,0.0075,0.041384,0.194810,0.147081,0.053548
0.0350,0.0150,0.042429,0.192647,0.149742,0.048848
0.0350,0.0225,0.038581,0.200653,0.138115,0.066331
0.0350,0.0300,0.059300,0.178651,0.184386,0.021901
0.0350,0.0375,0.052237,0.183590,0.172575,0.024543
0.0350,0.0450,0.056475,0.182056,0.182530,0.021518
0.0350,0.0525,0.063764,0.170790,0.189260,0.011926
0.0350,0.0600,0.060933,0.174903,0.182021,0.024256
0.0350,0.0675,0.070406,0.160170,0.196739,0.006394
0.0350,0.0750,0.076772,0.162183,0.208692,0.011955
0.0350,0.0825,0.077489,0.159664,0.210567,0.001693
0.0350,0.0900,0.069551,0.168859,0.200907,0.014877
0.0350,0.0975,0.078375,0.158819,0.209833,0.009873
0.0350,0.1050,0.073065,0.162454,0.205044,0.005959
0.0350,0.1125,0.092020,0.146955,0.225257,0.004527
0.0350,0.1200,0.085495,0.152854,0.220863,0.004005
0.0350,0.1275,0.095742,0.137116,0.219465,0.000586
0.0350,0.1350,0.092172,0.144060,0.225186,0.001565
0.0350,0.1425,0.094297,0.141965,0.231112,0.001285
0.0350,0.1500,0.094499,0.144061,0.226631,0.001577
0.0350,0.1575,0.107041,0.133708,0.240362,0.000000
0.0350,0.1650,0.108346,0.129405,0.232371,0.001528
0.0350,0.1725,0.110558,0.130947,0.240282,0.000000
0.0350,0.1800,0.121381,0.122293,0.248267,0.000000
0.0350,0.1875,0.115847,0.131768,0.243098,0.003172
0.0350,0.1950,0.134288,0.111544,0.249521,0.000000
0.0350,0.2025,0.122776,0.122750,0.245438,0.000000
0.0350,0.2100,0.129750,0.116439,0.242727,0.001459
0.0350,0.2175,0.128730,0.120382,0.245832,0.000055
0.0350,0.2250,0.134671,0.113758,0.253998,0.000000
0.0350,0.2325,0.140052,0.110528,0.257313,0.000000
0.0350,0.2400,0.150387,0.098244,0.244626,0.000000
0.0350,0.2475,0.142629,0.104521,0.245272,0.000000
0.0350,0.2550,0.155534,0.100157,0.258270,0.000000
0.0350,0.2625,0.159415,0.096158,0.250913,0.000000
0.0350,0.2700,0.148959,0.102040,0.247804,0.000000
0.0350,0.2775,0.159140,0.097780,0.258830,0.000000
0.0350,0.2850,0.167790,0.089749,0.245217,0.000000
0.0350,0.2925,0.165512,0.090540,0.235930,0.000000
0.0350,0.3000,0.178116,0.085294,0.244742,0.000000
0.0400,0.0000,0.039036,0.196817,0.138173,0.064634
0.0400,0.0075,0.046868,0.190223,0.161375,0.037340
0.0400,0.0150,0.040197,0.203715,0.142888,0.069160
0.0400,0.0225,0.049661,0.189788,0.165913,0.041325
0.0400,0.0300,0.054810,0.179579,0.173046,0.031395
0.0400,0.0375,0.048070,0.189315,0.163048,0.037934
0.0400,0.0450,0.061531,0.181090,0.194281,0.013057
0.0400,0.0525,0.060147,0.178555,0.187329,0.019717
0.0400,0.0600,0.062691,0.174498,0.188756,0.018480
0.0400,0.0675,0.057824,0.171550,0.173924,0.020368
0.0400,0.0750,0.075993,0.164502,0.212074,0.009154
0.0400,0.0825,0.072245,0.165674,0.207934,0.004835
0.0400,0.0900,0.073963,0.167282,0.209295,0.009328
0.0400,0.0975,0.087004,0.149983,0.219826,0.002745
0.0400,0.1050,0.087571,0.151064,0.225749,0.000000
0.0400,0.1125,0.098823,0.138687,0.228881,0.001459
0.0400,0.1200,0.096299,0.143604,0.226680,0.001877
0.0400,0.1275,0.106482,0.136379,0.240255,0.000327
0.0400,0.1350,0.088556,0.152319,0.234254,0.000000
0.0400,0.1425,0.106362,0.132682,0.238042,0.000000
0.0400,0.1500,0.106090,0.134177,0.239864,0.000000
0.0400,0.1575,0.109736,0.131744,0.243338,0.000000
0.0400,0.1650,0.117675,0.126898,0.252523,0.000000
0.0400,0.1725,0.116835,0.126337,0.247450,0.000000
0.0400,0.1800,0.115756,0.124133,0.236073,0.000137
0.0400,0.1875,0.129090,0.116358,0.252164,0.000000
0.0400,0.1950,0.140838,0.112578,0.252372,0.000000
0.0400,0.2025,0.136464,0.111033,0.254037,0.000000
0.0400,0.2100,0.143281,0.107280,0.255698,0.000000
0.0400,0.2175,0.141904,0.106475,0.246405,0.000000
0.0400,0.2250,0.145212,0.103262,0.249620,0.000000
0.0400,0.2325,0.151332,0.104779,0.259229,0.000000
0.0400,0.2400,0.151223,0.103726,0.257808,0.000000
0.0400,0.2475,0.146701,0.102286,0.243619,0.000000
0.0400,0.2550,0.160073,0.101274,0.263775,0.000000
0.0400,0.2625,0.158746,0.096060,0.245997,0.000000
0.0400,0.2700,0.176681,0.088587,0.246590,0.000000
0.0400,0.2775,0.174267,0.086950,0.243137,0.000000
0.0400,0.2850,0.166223,0.092975,0.253006,0.000000
0.0400,0.2925,0.178626,0.086058,0.247772,0.000000
0.0400,0.3000,0.168246,0.089405,0.239782,0.000000
0.0450,0.0000,0.043168,0.195580,0.151281,0.050753
0.0450,0.0075,0.037674,0.197811,0.135368,0.068086
0.0450,0.0150,0.041056,0.198447,0.149413,0.054688
0.0450,0.0225,0.050599,0.189773,0.168590,0.038127
0.0450,0.0300,0.057177,0.179821,0.182769,0.016920
0.0450,0.0375,0.051372,0.186887,0.172628,0.027991
0.0450,0.0450,0.061717,0.174542,0.184336,0.019744
0.0450,0.0525,0.067262,0.162950,0.190254,0.012259
0.0450,0.0600,0.071959,0.162394,0.204963,0.001573
0.0450,0.0675,0.073157,0.165108,0.211997,0.002021
0.0450,0.0750,0.084715,0.151791,0.221871,0.002064
0.0450,0.0825,0.080733,0.157975,0.220768,0.000371
0.0450,0.0900,0.086576,0.149683,0.223454,0.002178
0.0450,0.0975,0.084219,0.153377,0.219394,0.000760
0.0450,0.1050,0.089854,0.148555,0.224382,0.005171
0.0450,0.1125,0.099234,0.136755,0.226533,0.003179
0.0450,0.1200,0.089331,0.147845,0.225253,0.007317
0.0450,0.1275,0.092654,0.145870,0.229766,0.002723
0.0450,0.1350,0.097080,0.143194,0.235232,0.000000
0.0450,0.1425,0.112991,0.132871,0.250859,0.000000
0.0450,0.1500,0.100918,0.137372,0.234618,0.000000
0.0450,0.1575,0.108612,0.131863,0.240205,0.000000
0.0450,0.1650,0.116730,0.127850,0.241271,0.001992
0.0450,0.1725,0.110912,0.128059,0.237491,0.000000
0.0450,0.1800,0.124262,0.124668,0.255309,0.000000
0.0450,0.1875,0.132833,0.116060,0.251997,0.000000
0.0450,0.1950,0.136311,0.112649,0.248220,0.000000
0.0450,0.2025,0.127301,0.118284,0.249886,0.000000
0.0450,0.2100,0.136021,0.111674,0.249902,0.000000
0.0450,0.2175,0.152348,0.102446,0.258505,0.000000
0.0450,0.2250,0.154430,0.100217,0.254333,0.000000
0.0450,0.2325,0.150494,0.102327,0.254338,0.000000
0.0450,0.2400,0.152510,0.099973,0.246231,0.000000
0.0450,0.2475,0.159086,0.099791,0.261715,0.000000
0.0450,0.2550,0.156013,0.099543,0.251137,0.000000
0.0450,0.2625,0.176758,0.087999,0.243842,0.000000
0.0450,0.2700,0.166460,0.094584,0.253145,0.000000
0.0450,0.2775,0.157644,0.099488,0.246883,0.000000
0.0450,0.2850,0.156688,0.100376,0.262362,0.000000
0.0450,0.2925,0.162246,0.095685,0.255742,0.000000
0.0450,0.3000,0.199025,0.072572,0.220541,0.000000
0.0500,0.0000,0.047847,0.194673,0.165680,0.039382
0.0500,0.0075,0.051073,0.185022,0.168150,0.030177
0.0500,0.0150,0.058302,0.172074,0.174465,0.019808
0.0500,0.0225,0.061239,0.180871,0.195476,0.015379
0.0500,0.0300,0.059997,0.180153,0.189336,0.019124
0.0500,0.0375,0.063591,0.171921,0.192497,0.011930
0.0500,0.0450,0.060265,0.177793,0.183160,0.021566
0.0500,0.0525,0.074547,0.167913,0.213119,0.009487
0.0500,0.0600,0.078054,0.157800,0.207617,0.005368
0.0500,0.0675,0.081770,0.155486,0.218958,0.000118
0.0500,0.0750,0.079583,0.157790,0.213214,0.005775
0.0500,0.0825,0.086474,0.151732,0.221431,0.001843
0.0500,0.0900,0.085795,0.157440,0.229803,0.005790
0.0500,0.0975,0.088576,0.143864,0.218432,0.001864
0.0500,0.1050,0.108313,0.133734,0.240869,0.000983
0.0500,0.1125,0.096334,0.145493,0.234157,0.000000
0.0500,0.1200,0.091738,0.147666,0.229102,0.000717
0.0500,0.1275,0.108432,0.135302,0.246188,0.000000
0.0500,0.1350,0.105975,0.140894,0.248758,0.000055
0.0500,0.1425,0.107872,0.136293,0.244263,0.000629
0.0500,0.1500,0.104042,0.135438,0.237226,0.002282
0.0500,0.1575,0.111691,0.130289,0.241361,0.000000
0.0500,0.1650,0.128523,0.116728,0.253774,0.000000
0.0500,0.1725,0.122038,0.122313,0.248345,0.000000
0.0500,0.1800,0.126440,0.121927,0.258186,0.000000
0.0500,0.1875,0.130902,0.114327,0.247875,0.000000
0.0500,0.1950,0.132724,0.116532,0.254629,0.000000
0.0500,0.2025,0.133371,0.114242,0.247023,0.000000
0.0500,0.2100,0.153742,0.099099,0.251018,0.000000
0.0500,0.2175,0.136488,0.115993,0.254510,0.000000
0.0500,0.2250,0.144895,0.104614,0.253311,0.000000
0.0500,0.2325,0.155684,0.099349,0.249787,0.000000
0.0500,0.2400,0.160293,0.098739,0.258207,0.000000
0.0500,0.2475,0.156451,0.099782,0.252408,0.000000
0.0500,0.2550,0.160323,0.097760,0.249511,0.000000
0.0500,0.2625,0.167330,0.091761,0.243884,0.000000
0.0500,0.2700,0.168582,0.093245,0.250004,0.000000
0.0500,0.2775,0.170239,0.089805,0.249506,0.000000
0.0500,0.2850,0.167383,0.091892,0.254891,0.000000
0.0500,0.2925,0.177008,0.085562,0.235540,0.000000
0.0500,0.3000,0.178861,0.087463,0.249546,0.000000
0.0550,0.0000,0.047820,0.196242,0.166252,0.044809
0.0550,0.0075,0.047201,0.187941,0.161325,0.034478
0.0550,0.0150,0.056026,0.185282,0.181952,0.023572
0.0550,0.0225,0.063866,0.170902,0.188372,0.019499
0.0550,0.0300,0.056333,0.178896,0.177017,0.023198
0.0550,0.0375,0.068030,0.173697,0.202476,0.014449
0.0550,0.0450,0.065411,0.170068,0.194495,0.011901
0.0550,0.0525,0.083565,0.152029,0.218294,0.000327
0.0550,0.0600,0.081637,0.157924,0.216580,0.001757
0.0550,0.0675,0.087113,0.154440,0.228724,0.003657
0.0550,0.0750,0.087896,0.151164,0.228113,0.000000
0.0550,0.0825,0.080417,0.159582,0.222386,0.001216
0.0550,0.0900,0.089267,0.151973,0.234910,0.000000
0.0550,0.0975,0.095861,0.142421,0.227758,0.000181
0.0550,0.1050,0.098841,0.143706,0.233296,0.000099
0.0550,0.1125,0.099023,0.146233,0.244069,0.000000
0.0550,0.1200,0.107893,0.137678,0.249515,0.000000
0.0550,0.1275,0.112223,0.134053,0.249805,0.000000
0.0550,0.1350,0.112662,0.134265,0.248161,0.001091
0.0550,0.1425,0.116100,0.124909,0.242955,0.000000
0.0550,0.1500,0.114706,0.125787,0.241204,0.000000
0.0550,0.1575,0.133795,0.116322,0.257490,0.000000
0.0550,0.1650,0.113828,0.130210,0.242525,0.000435
0.0550,0.1725,0.129916,0.116289,0.252324,0.000000
0.0550,0.1800,0.134443,0.118513,0.258005,0.000000
0.0550,0.1875,0.140454,0.110351,0.258011,0.000000
0.0550,0.1950,0.142277,0.104269,0.246285,0.000000
0.0550,0.2025,0.153386,0.098133,0.242057,0.000000
0.0550,0.2100,0.138353,0.113363,0.260158,0.000000
0.0550,0.2175,0.151883,0.105834,0.261090,0.000000
0.0550,0.2250,0.151628,0.107505,0.257391,0.000000
0.0550,0.2325,0.166772,0.094700,0.254339,0.000000
0.0550,0.2400,0.160658,0.095213,0.246961,0.000000
0.0550,0.2475,0.163014,0.095056,0.255065,0.000000
0.0550,0.2550,0.160107,0.095516,0.252263,0.000000
0.0550,0.2625,0.165752,0.093891,0.251803,0.000000
0.0550,0.2700,0.172014,0.091052,0.254831,0.000000
0.0550,0.2775,0.173861,0.089831,0.251421,0.000000
0.0550,0.2850,0.184115,0.082450,0.240934,0.000000
0.0550,0.2925,0.178661,0.084900,0.235906,0.000000
0.0550,0.3000,0.198412,0.077750,0.230643,0.000000
0.0600,0.0000,0.057818,0.185423,0.186864,0.022230
0.0600,0.0075,0.063081,0.177170,0.193977,0.015181
0.0600,0.0150,0.059124,0.181563,0.189410,0.013535
0.0600,0.0225,0.075769,0.165442,0.218994,0.000427
0.0600,0.0300,0.072999,0.165541,0.203051,0.011706
0.0600,0.0375,0.073351,0.165027,0.207155,0.009039
0.0600,0.0450,0.076421,0.162040,0.207053,0.010260
0.0600,0.0525,0.087558,0.151417,0.223369,0.002898
0.0600,0.0600,0.082290,0.156118,0.221909,0.001689
0.0600,0.0675,0.080245,0.161148,0.224023,0.003002
0.0600,0.0750,0.088416,0.152662,0.234725,0.000000
0.0600,0.0825,0.095094,0.144368,0.229995,0.000118
0.0600,0.0900,0.094212,0.143791,0.229797,0.000000
0.0600,0.0975,0.100817,0.140590,0.240458,0.000000
0.0600,0.1050,0.110027,0.132873,0.248508,0.000000
0.0600,0.1125,0.107654,0.133563,0.246967,0.000000
0.0600,0.1200,0.120347,0.125981,0.255989,0.000000
0.0600,0.1275,0.122846,0.120955,0.251264,0.000000
0.0600,0.1350,0.128929,0.119026,0.255772,0.000000
0.0600,0.1425,0.134439,0.115572,0.258807,0.000000
0.0600,0.1500,0.117165,0.133485,0.258522,0.001158
0.0600,0.1575,0.124785,0.122808,0.258032,0.000000
0.0600,0.1650,0.122969,0.126695,0.255686,0.000000
0.0600,0.1725,0.133464,0.113867,0.249373,0.000000
0.0600,0.1800,0.116097,0.129402,0.252421,0.000000
0.0600,0.1875,0.137921,0.112882,0.260050,0.000000
0.0600,0.1950,0.151517,0.103379,0.259397,0.000000
0.0600,0.2025,0.146558,0.105180,0.254207,0.000000
0.0600,0.2100,0.144419,0.108242,0.242484,0.000000
0.0600,0.2175,0.150773,0.103192,0.247989,0.000000
0.0600,0.2250,0.158943,0.099901,0.254390,0.000000
0.0600,0.2325,0.153368,0.101682,0.249627,0.000000
0.0600,0.2400,0.166779,0.092450,0.247158,0.000000
0.0600,0.2475,0.165484,0.093650,0.254008,0.000000
0.0600,0.2550,0.179066,0.084581,0.240867,0.000000
0.0600,0.2625,0.171169,0.092988,0.256926,0.000000
0.0600,0.2700,0.189117,0.080989,0.235071,0.000000
0.0600,0.2775,0.182417,0.084703,0.247674,0.000000
0.0600,0.2850,0.192954,0.078607,0.235848,0.000000
0.0600,0.2925,0.174680,0.091251,0.255836,0.000000
0.0600,0.3000,0.192497,0.078027,0.226982,0.000000
0.0650,0.0000,0.060712,0.179970,0.192526,0.011758
0.0650,0.0075,0.063682,0.175952,0.193680,0.021121
0.0650,0.0150,0.070880,0.168109,0.202371,0.011560
0.0650,0.0225,0.066327,0.175667,0.201931,0.010937
0.0650,0.0300,0.077699,0.169114,0.222379,0.010637
0.0650,0.0375,0.081671,0.159147,0.218538,0.009456
0.0650,0.0450,0.076936,0.164386,0.215726,0.005366
0.0650,0.0525,0.086996,0.151743,0.221202,0.003029
0.0650,0.0600,0.093366,0.144257,0.226341,0.000000
0.0650,0.0675,0.091440,0.149666,0.232689,0.000000
0.0650,0.0750,0.089736,0.154198,0.233398,0.004520
0.0650,0.0825,0.096735,0.146403,0.237341,0.003568
0.0650,0.0900,0.098892,0.143012,0.233280,0.004730
0.0650,0.0975,0.110053,0.133613,0.242557,0.001118
0.0650,0.1050,0.107991,0.136397,0.247766,0.000000
0.0650,0.1125,0.109357,0.132422,0.242259,0.000000
0.0650,0.1200,0.112068,0.130461,0.243049,0.000000
0.0650,0.1275,0.118209,0.127363,0.251698,0.000000
0.0650,0.1350,0.118132,0.129403,0.255342,0.000000
0.0650,0.1425,0.126598,0.119564,0.250083,0.000000
0.0650,0.1500,0.122867,0.126049,0.256100,0.000000
0.0650,0.1575,0.132344,0.115049,0.255870,0.000000
0.0650,0.1650,0.140615,0.110243,0.259283,0.000000
0.0650,0.1725,0.137656,0.114122,0.261489,0.000000
0.0650,0.1800,0.143109,0.111272,0.268285,0.000000
0.0650,0.1875,0.138473,0.113795,0.256153,0.000000
0.0650,0.1950,0.149076,0.106814,0.255196,0.000000
0.0650,0.2025,0.138082,0.110411,0.250070,0.000000
0.0650,0.2100,0.148544,0.103619,0.251035,0.000000
0.0650,0.2175,0.150449,0.104439,0.261969,0.000000
0.0650,0.2250,0.158240,0.098111,0.252180,0.000000
0.0650,0.2325,0.170003,0.092394,0.248863,0.000000
0.0650,0.2400,0.171646,0.093409,0.256526,0.000000
0.0650,0.2475,0.171089,0.090511,0.244349,0.000000
0.0650,0.2550,0.176157,0.088061,0.246011,0.000000
0.0650,0.2625,0.171984,0.089406,0.239380,0.000000
0.0650,0.2700,0.188364,0.085235,0.247199,0.000000
0.0650,0.2775,0.174609,0.091493,0.256881,0.000000
0.0650,0.2850,0.195251,0.075042,0.224672,0.000000
0.0650,0.2925,0.176417,0.088111,0.241549,0.000000
0.0650,0.3000,0.185975,0.082176,0.242768,0.000000
0.0700,0.0000,0.063348,0.177770,0.196380,0.014145
0.0700,0.0075,0.069724,0.169964,0.204725,0.008437
0.0700,0.0150,0.078626,0.160410,0.217617,0.008127
0.0700,0.0225,0.068799,0.172957,0.201922,0.019275
0.0700,0.0300,0.078230,0.157648,0.212366,0.001386
0.0700,0.0375,0.080439,0.161737,0.225137,0.002114
0.0700,0.0450,0.083049,0.162446,0.227063,0.008787
0.0700,0.0525,0.090723,0.152132,0.234562,0.000000
0.0700,0.0600,0.085134,0.159215,0.228497,0.002721
0.0700,0.0675,0.094969,0.147763,0.239604,0.000000
0.0700,0.0750,0.096439,0.148297,0.235004,0.004539
0.0700,0.0825,0.086374,0.158199,0.230651,0.002526
0.0700,0.0900,0.092924,0.146992,0.227890,0.001024
0.0700,0.0975,0.114055,0.130398,0.249957,0.000000
0.0700,0.1050,0.110474,0.133702,0.242922,0.002947
0.0700,0.1125,0.119399,0.129101,0.249413,0.000958
0.0700,0.1200,0.118005,0.132198,0.263006,0.000000
0.0700,0.1275,0.112914,0.134054,0.253333,0.000000
0.0700,0.1350,0.130415,0.122375,0.258595,0.000000
0.0700,0.1425,0.131991,0.117493,0.259101,0.000000
0.0700,0.1500,0.127336,0.120426,0.258689,0.000000
0.0700,0.1575,0.138497,0.112845,0.254505,0.000000
0.0700,0.1650,0.129761,0.121298,0.263880,0.000000
0.0700,0.1725,0.147177,0.108426,0.262785,0.000000
0.0700,0.1800,0.144854,0.109584,0.259734,0.000000
0.0700,0.1875,0.144233,0.108934,0.248316,0.000000
0.0700,0.1950,0.148138,0.110397,0.267863,0.000000
0.0700,0.2025,0.154355,0.103943,0.265409,0.000000
0.0700,0.2100,0.152309,0.104941,0.262546,0.000000
0.0700,0.2175,0.161817,0.097185,0.255387,0.000000
0.0700,0.2250,0.151602,0.104215,0.265682,0.000000
0.0700,0.2325,0.167669,0.092010,0.246599,0.000000
0.0700,0.2400,0.168920,0.093872,0.261847,0.000000
0.0700,0.2475,0.175957,0.085988,0.244774,0.000000
0.0700,0.2550,0.166783,0.092872,0.249980,0.000000
0.0700,0.2625,0.177787,0.088607,0.250179,0.000000
0.0700,0.2700,0.166024,0.094945,0.258413,0.000000
0.0700,0.2775,0.195674,0.076781,0.235645,0.000000
0.0700,0.2850,0.192302,0.078090,0.238635,0.000000
0.0700,0.2925,0.192113,0.083202,0.222424,0.000000
0.0700,0.3000,0.196020,0.076429,0.234937,0.000000
0.0750,0.0000,0.065657,0.171824,0.194770,0.013468
0.0750,0.0075,0.069301,0.173372,0.206698,0.011698
0.0750,0.0150,0.080453,0.167665,0.228789,0.006071
0.0750,0.0225,0.093343,0.150973,0.234459,0.001807
0.0750,0.0300,0.075529,0.164807,0.208633,0.006434
0.0750,0.0375,0.089789,0.153577,0.236417,0.001050
0.0750,0.0450,0.082736,0.161222,0.227341,0.001619
0.0750,0.0525,0.094487,0.152305,0.240518,0.000564
0.0750,0.0600,0.101303,0.142884,0.244872,0.000000
0.0750,0.0675,0.102280,0.142997,0.247184,0.000500
0.0750,0.0750,0.104497,0.138622,0.243093,0.000307
0.0750,0.0825,0.104647,0.137433,0.243878,0.000000
0.0750,0.0900,0.106028,0.138085,0.246796,0.000000
0.0750,0.0975,0.115980,0.131913,0.254018,0.000000
0.0750,0.1050,0.104053,0.140791,0.242752,0.001024
0.0750,0.1125,0.115582,0.131533,0.247255,0.000564
0.0750,0.1200,0.114879,0.130739,0.247290,0.000717
0.0750,0.1275,0.122979,0.123406,0.256801,0.000000
0.0750,0.1350,0.129667,0.118768,0.257341,0.000000
0.0750,0.1425,0.130865,0.122186,0.266914,0.000000
0.0750,0.1500,0.129554,0.119231,0.257975,0.000000
0.0750,0.1575,0.131334,0.119417,0.260641,0.000000
0.0750,0.1650,0.147136,0.106740,0.260284,0.000000
0.0750,0.1725,0.147995,0.110119,0.265976,0.000000
0.0750,0.1800,0.154185,0.104962,0.264690,0.000000
0.0750,0.1875,0.159823,0.096954,0.253167,0.000000
0.0750,0.1950,0.150705,0.102663,0.255328,0.000000
0.0750,0.2025,0.157447,0.100767,0.259154,0.000000
0.0750,0.2100,0.142290,0.109744,0.259266,0.000000
0.0750,0.2175,0.160541,0.097851,0.255224,0.000000
0.0750,0.2250,0.169878,0.093716,0.254143,0.000000
0.0750,0.2325,0.165053,0.097387,0.256589,0.000000
0.0750,0.2400,0.170700,0.089935,0.248087,0.000000
0.0750,0.2475,0.175561,0.088753,0.254818,0.000000
0.0750,0.2550,0.180996,0.087358,0.246070,0.000000
0.0750,0.2625,0.191157,0.081490,0.242678,0.000000
0.0750,0.2700,0.192609,0.079719,0.241004,0.000000
0.0750,0.2775,0.205642,0.073924,0.220438,0.000000
0.0750,0.2850,0.197599,0.075787,0.223879,0.000000
0.0750,0.2925,0.202792,0.074488,0.227329,0.000000
0.0750,0.3000,0.202906,0.073058,0.227002,0.000000
0.0800,0.0000,0.076040,0.170355,0.222743,0.006700
0.0800,0.0075,0.072980,0.172089,0.218191,0.003537
0.0800,0.0150,0.074726,0.167740,0.218068,0.003003
0.0800,0.0225,0.079269,0.161098,0.218441,0.006371
0.0800,0.0300,0.087154,0.155673,0.229828,0.002053
0.0800,0.0375,0.094814,0.153726,0.245068,0.000435
0.0800,0.0450,0.097908,0.146651,0.243028,0.000000
0.0800,0.0525,0.102417,0.140747,0.242711,0.000000
0.0800,0.0600,0.097274,0.145428,0.237905,0.004794
0.0800,0.0675,0.106724,0.137821,0.244345,0.000000
0.0800,0.0750,0.107848,0.138179,0.247943,0.000244
0.0800,0.0825,0.120664,0.127046,0.255251,0.000000
0.0800,0.0900,0.113827,0.130686,0.248995,0.000000
0.0800,0.0975,0.106169,0.136977,0.242792,0.000000
0.0800,0.1050,0.120563,0.128942,0.257626,0.000000
0.0800,0.1125,0.111229,0.137227,0.257263,0.000000
0.0800,0.1200,0.112572,0.135353,0.256685,0.000000
0.0800,0.1275,0.111558,0.134900,0.248264,0.001807
0.0800,0.1350,0.119660,0.129913,0.260590,0.000000
0.0800,0.1425,0.131866,0.121339,0.268810,0.000000
0.0800,0.1500,0.133946,0.117449,0.262236,0.000000
0.0800,0.1575,0.138047,0.116722,0.266562,0.000000
0.0800,0.1650,0.138686,0.114221,0.264508,0.000000
0.0800,0.1725,0.135863,0.115207,0.252324,0.000225
0.0800,0.1800,0.150123,0.108582,0.274250,0.000000
0.0800,0.1875,0.149609,0.104730,0.253462,0.000000
0.0800,0.1950,0.150402,0.106565,0.264884,0.000000
0.0800,0.2025,0.161917,0.096407,0.256653,0.000000
0.0800,0.2100,0.160861,0.099257,0.245907,0.000000
0.0800,0.2175,0.175615,0.088959,0.242573,0.000000
0.0800,0.2250,0.172241,0.092956,0.256003,0.000000
0.0800,0.2325,0.178562,0.089552,0.246526,0.000000
0.0800,0.2400,0.167377,0.099341,0.260860,0.000000
0.0800,0.2475,0.175077,0.089860,0.255653,0.000000
0.0800,0.2550,0.183954,0.083692,0.241117,0.000000
0.0800,0.2625,0.191982,0.080318,0.246356,0.000000
0.0800,0.2700,0.190756,0.081006,0.239066,0.000000
0.0800,0.2775,0.183925,0.086765,0.250305,0.000000
0.0800,0.2850,0.191650,0.079180,0.243050,0.000000
0.0800,0.2925,0.191270,0.078592,0.233260,0.000000
0.0800,0.3000,0.203482,0.072910,0.220251,0.000000
0.0850,0.0000,0.077042,0.165391,0.219155,0.002752
0.0850,0.0075,0.081193,0.158561,0.217554,0.003998
0.0850,0.0150,0.079871,0.162525,0.219554,0.007335
0.0850,0.0225,0.096829,0.145810,0.242503,0.000000
0.0850,0.0300,0.092544,0.153724,0.240387,0.000435
0.0850,0.0375,0.079971,0.157019,0.211646,0.007199
0.0850,0.0450,0.100144,0.146121,0.248781,0.000000
0.0850,0.0525,0.095771,0.148398,0.240413,0.001224
0.0850,0.0600,0.108945,0.142330,0.259643,0.000000
0.0850,0.0675,0.102664,0.141424,0.242442,0.000543
0.0850,0.0750,0.113471,0.136454,0.262084,0.000000
0.0850,0.0825,0.113977,0.134543,0.261177,0.000000
0.0850,0.0900,0.119810,0.130057,0.251983,0.000000
0.0850,0.0975,0.114374,0.131476,0.251094,0.000000
0.0850,0.1050,0.119302,0.127346,0.249572,0.001390
0.0850,0.1125,0.130326,0.120375,0.259860,0.000000
0.0850,0.1200,0.118659,0.130818,0.259769,0.000000
0.0850,0.1275,0.130923,0.123142,0.265382,0.000000
0.0850,0.1350,0.144546,0.113696,0.268654,0.000000
0.0850,0.1425,0.130841,0.121108,0.261052,0.000000
0.0850,0.1500,0.143372,0.113982,0.265944,0.000000
0.0850,0.1575,0.157608,0.103404,0.258656,0.000000
0.0850,0.1650,0.147565,0.109599,0.258372,0.000000
0.0850,0.1725,0.130594,0.119878,0.253187,0.000118
0.0850,0.1800,0.153806,0.105717,0.266692,0.000000
0.0850,0.1875,0.151388,0.105868,0.258923,0.000000
0.0850,0.1950,0.167811,0.096222,0.263635,0.000000
0.0850,0.2025,0.163687,0.097963,0.260000,0.000000
0.0850,0.2100,0.161637,0.100084,0.258073,0.000000
0.0850,0.2175,0.168895,0.096426,0.264677,0.000000
0.0850,0.2250,0.174655,0.093921,0.246209,0.000000
0.0850,0.2325,0.184703,0.086338,0.253154,0.000000
0.0850,0.2400,0.177901,0.090115,0.262709,0.000000
0.0850,0.2475,0.173228,0.093351,0.263212,0.000000
0.0850,0.2550,0.175064,0.090601,0.259339,0.000000
0.0850,0.2625,0.180878,0.089884,0.257857,0.000000
0.0850,0.2700,0.185440,0.084125,0.246388,0.000000
0.0850,0.2775,0.189861,0.081707,0.250581,0.000000
0.0850,0.2850,0.211347,0.072710,0.214298,0.000000
0.0850,0.2925,0.199391,0.079087,0.239458,0.000000
0.0850,0.3000,0.213041,0.072059,0.222706,0.000000
0.0900,0.0000,0.084320,0.160092,0.229799,0.000500
0.0900,0.0075,0.088876,0.159239,0.239715,0.000500
0.0900,0.0150,0.082091,0.164882,0.233190,0.000000
0.0900,0.0225,0.100523,0.141334,0.239861,0.000826
0.0900,0.0300,0.094356,0.149088,0.238509,0.000000
0.0900,0.0375,0.100522,0.145963,0.243861,0.000000
0.0900,0.0450,0.098568,0.144877,0.243371,0.000000
0.0900,0.0525,0.105907,0.141321,0.245156,0.001920
0.0900,0.0600,0.109925,0.134295,0.247691,0.000586
0.0900,0.0675,0.101957,0.150872,0.252096,0.003936
0.0900,0.0750,0.112612,0.132233,0.252154,0.000000
0.0900,0.0825,0.112634,0.133229,0.253417,0.000000
0.0900,0.0900,0.120700,0.127764,0.253469,0.000000
0.0900,0.0975,0.124286,0.128490,0.263918,0.000000
0.0900,0.1050,0.125318,0.126291,0.265744,0.000000
0.0900,0.1125,0.136554,0.120181,0.274037,0.000000
0.0900,0.1200,0.122204,0.132532,0.272350,0.000000
0.0900,0.1275,0.140903,0.113699,0.266873,0.000000
0.0900,0.1350,0.144214,0.114182,0.258111,0.000000
0.0900,0.1425,0.140617,0.115606,0.264815,0.000000
0.0900,0.1500,0.148497,0.107633,0.257750,0.000000
0.0900,0.1575,0.140670,0.113774,0.266902,0.000000
0.0900,0.1650,0.149928,0.108416,0.262569,0.000000
0.0900,0.1725,0.152945,0.106199,0.266097,0.000000
0.0900,0.1800,0.153080,0.107072,0.267986,0.000000
0.0900,0.1875,0.151841,0.107843,0.261236,0.000000
0.0900,0.1950,0.173408,0.092289,0.263396,0.000000
0.0900,0.2025,0.179017,0.088591,0.249605,0.000000
0.0900,0.2100,0.163646,0.098323,0.260260,0.000000
0.0900,0.2175,0.168224,0.097227,0.266911,0.000000
0.0900,0.2250,0.181727,0.085328,0.246415,0.000000
0.0900,0.2325,0.177958,0.091961,0.250206,0.000000
0.0900,0.2400,0.185576,0.084128,0.238986,0.000000
0.0900,0.2475,0.193058,0.081238,0.241733,0.000000
0.0900,0.2550,0.184285,0.082787,0.240460,0.000000
0.0900,0.2625,0.194086,0.079827,0.240722,0.000000
0.0900,0.2700,0.194176,0.079561,0.240596,0.000000
0.0900,0.2775,0.208991,0.072368,0.221300,0.000000
0.0900,0.2850,0.193775,0.082902,0.238468,0.000000
0.0900,0.2925,0.226313,0.063678,0.195861,0.000000
0.0900,0.3000,0.198389,0.078164,0.236286,0.000000
0.0950,0.0000,0.089774,0.149574,0.226925,0.001322
0.0950,0.0075,0.090694,0.158014,0.245855,0.002520
0.0950,0.0150,0.096201,0.148373,0.242769,0.002798
0.0950,0.0225,0.092015,0.154235,0.241515,0.000000
0.0950,0.0300,0.095661,0.151589,0.248766,0.000000
0.0950,0.0375,0.095069,0.146918,0.239144,0.000000
0.0950,0.0450,0.105657,0.141624,0.253631,0.002947
0.0950,0.0525,0.113113,0.140628,0.266450,0.000826
0.0950,0.0600,0.112542,0.135804,0.257766,0.000000
0.0950,0.0675,0.115948,0.133275,0.250384,0.000288
0.0950,0.0750,0.112447,0.134144,0.256087,0.000000
0.0950,0.0825,0.117109,0.132832,0.260303,0.000000
0.0950,0.0900,0.127043,0.123516,0.257913,0.000000
0.0950,0.0975,0.124165,0.127770,0.264567,0.000000
0.0950,0.1050,0.133086,0.117485,0.257744,0.000000
0.0950,0.1125,0.134066,0.122606,0.271888,0.000000
0.0950,0.1200,0.150216,0.108610,0.266303,0.000000
0.0950,0.1275,0.137564,0.112603,0.250229,0.000000
0.0950,0.1350,0.142991,0.113012,0.271598,0.000000
0.0950,0.1425,0.136560,0.118238,0.260088,0.000000
0.0950,0.1500,0.161142,0.102917,0.261936,0.000000
0.0950,0.1575,0.147673,0.112817,0.275051,0.000000
0.0950,0.1650,0.158509,0.107462,0.272145,0.000000
0.0950,0.1725,0.164173,0.102479,0.268689,0.000000
0.0950,0.1800,0.163719,0.102330,0.263868,0.000000
0.0950,0.1875,0.164068,0.099067,0.266772,0.000000
0.0950,0.1950,0.171760,0.095682,0.264598,0.000000
0.0950,0.2025,0.164323,0.100920,0.269584,0.000000
0.0950,0.2100,0.181025,0.087808,0.252104,0.000000
0.0950,0.2175,0.177792,0.091015,0.255403,0.000000
0.0950,0.2250,0.187053,0.084931,0.246997,0.000000
0.0950,0.2325,0.184111,0.084641,0.251555,0.000000
0.0950,0.2400,0.185729,0.086042,0.245977,0.000000
0.0950,0.2475,0.199194,0.079675,0.222285,0.000000
0.0950,0.2550,0.195393,0.076554,0.231367,0.000000
0.0950,0.2625,0.199081,0.079055,0.233959,0.000000
0.0950,0.2700,0.197982,0.079228,0.241463,0.000000
0.0950,0.2775,0.217796,0.068190,0.212107,0.000000
0.0950,0.2850,0.206910,0.071845,0.221167,0.000000
0.0950,0.2925,0.195876,0.076490,0.233597,0.000000
0.0950,0.3000,0.220637,0.067172,0.207592,0.000000
0.1000,0.0000,0.087236,0.159402,0.234877,0.001080
0.1000,0.0075,0.093666,0.151929,0.238280,0.000738
0.1000,0.0150,0.098817,0.147101,0.243624,0.002811
0.1000,0.0225,0.101779,0.148779,0.256431,0.000000
0.1000,0.0300,0.104900,0.146041,0.247469,0.000000
0.1000,0.0375,0.101246,0.143616,0.246009,0.000000
0.1000,0.0450,0.106675,0.142126,0.255818,0.000000
0.1000,0.0525,0.115233,0.132370,0.255047,0.000000
0.1000,0.0600,0.115744,0.132754,0.257995,0.000000
0.1000,0.0675,0.114532,0.136223,0.262247,0.000000
0.1000,0.0750,0.119989,0.130472,0.266336,0.000000
0.1000,0.0825,0.128774,0.119217,0.252685,0.000000
0.1000,0.0900,0.126360,0.124333,0.261201,0.000000
0.1000,0.0975,0.127995,0.125597,0.261935,0.000000
0.1000,0.1050,0.127700,0.129219,0.271705,0.000000
0.1000,0.1125,0.141286,0.114339,0.269898,0.000000
0.1000,0.1200,0.132009,0.122555,0.261808,0.000000
0.1000,0.1275,0.135653,0.117685,0.263036,0.000000
0.1000,0.1350,0.156555,0.104050,0.254690,0.000000
0.1000,0.1425,0.159569,0.100158,0.264294,0.000000
0.1000,0.1500,0.157462,0.100965,0.262781,0.000000
0.1000,0.1575,0.148630,0.110665,0.273063,0.000000
0.1000,0.1650,0.154401,0.105765,0.264337,0.000000
0.1000,0.1725,0.179133,0.090442,0.252468,0.000000
0.1000,0.1800,0.150321,0.105691,0.264035,0.000000
0.1000,0.1875,0.170291,0.094498,0.260329,0.000000
0.1000,0.1950,0.163591,0.101207,0.273139,0.000000
0.1000,0.2025,0.168919,0.095708,0.261134,0.000000
0.1000,0.2100,0.165268,0.099951,0.264375,0.000000
0.1000,0.2175,0.185220,0.087211,0.247712,0.000000
0.1000,0.2250,0.190798,0.081603,0.246570,0.000000
0.1000,0.2325,0.186414,0.082810,0.243417,0.000000
0.1000,0.2400,0.193122,0.079826,0.241554,0.000000
0.1000,0.2475,0.184611,0.086710,0.250864,0.000000
0.1000,0.2550,0.196304,0.079996,0.247227,0.000000
0.1000,0.2625,0.190695,0.081212,0.237432,0.000000
0.1000,0.2700,0.199686,0.077865,0.240309,0.000000
0.1000,0.2775,0.202713,0.075328,0.223393,0.000000
0.1000,0.2850,0.206681,0.073571,0.226493,0.000000
0.1000,0.2925,0.207465,0.073944,0.218769,0.000000
0.1000,0.3000,0.208525,0.075973,0.229938,0.000000
0.1050,0.0000,0.091808,0.151757,0.241182,0.000000
0.1050,0.0075,0.096674,0.148588,0.241914,0.000586
0.1050,0.0150,0.107816,0.139205,0.252455,0.000000
0.1050,0.0225,0.107380,0.142338,0.252615,0.000000
0.1050,0.0300,0.111610,0.136865,0.251116,0.000000
0.1050,0.0375,0.110436,0.136885,0.257310,0.000000
0.1050,0.0450,0.117084,0.132977,0.257821,0.000000
0.1050,0.0525,0.118788,0.131654,0.258376,0.000000
0.1050,0.0600,0.119384,0.129702,0.257239,0.000000
0.1050,0.0675,0.124425,0.126872,0.263204,0.000000
0.1050,0.0750,0.121389,0.131007,0.265079,0.000000
0.1050,0.0825,0.136562,0.119500,0.272306,0.000000
0.1050,0.0900,0.133675,0.121629,0.269758,0.000000
0.1050,0.0975,0.127314,0.124751,0.258562,0.000000
0.1050,0.1050,0.143777,0.113924,0.273269,0.000000
0.1050,0.1125,0.143281,0.113925,0.271879,0.000000
0.1050,0.1200,0.150856,0.108648,0.267069,0.000000
0.1050,0.1275,0.146742,0.111315,0.271565,0.000000
0.1050,0.1350,0.159074,0.105274,0.268927,0.000000
0.1050,0.1425,0.158335,0.102410,0.266685,0.000000
0.1050,0.1500,0.150479,0.107411,0.264456,0.000000
0.1050,0.1575,0.152395,0.108951,0.272548,0.000000
0.1050,0.1650,0.158273,0.105745,0.256868,0.000000
0.1050,0.1725,0.171683,0.093280,0.257786,0.000000
0.1050,0.1800,0.163875,0.100954,0.271763,0.000000
0.1050,0.1875,0.168960,0.098029,0.266785,0.000000
0.1050,0.1950,0.169258,0.096578,0.269408,0.000000
0.1050,0.2025,0.176788,0.091392,0.254595,0.000000
0.1050,0.2100,0.179589,0.089645,0.260051,0.000000
0.1050,0.2175,0.189721,0.084583,0.245205,0.000000
0.1050,0.2250,0.188343,0.085835,0.254731,0.000000
0.1050,0.2325,0.182716,0.085502,0.249016,0.000000
0.1050,0.2400,0.195290,0.081929,0.250047,0.000000
0.1050,0.2475,0.196299,0.081638,0.245059,0.000000
0.1050,0.2550,0.197359,0.081061,0.237129,0.000000
0.1050,0.2625,0.196334,0.079752,0.243921,0.000000
0.1050,0.2700,0.216707,0.069020,0.213378,0.000000
0.1050,0.2775,0.204592,0.074299,0.233580,0.000000
0.1050,0.2850,0.212362,0.071675,0.218098,0.000000
0.1050,0.2925,0.227157,0.065676,0.184083,0.000000
0.1050,0.3000,0.201096,0.078008,0.242384,0.000000
0.1100,0.0000,0.108714,0.142751,0.260747,0.000000
0.1100,0.0075,0.099442,0.143213,0.240827,0.000000
0.1100,0.0150,0.102580,0.141942,0.246369,0.000307
0.1100,0.0225,0.099799,0.150349,0.245961,0.002644
0.1100,0.0300,0.104844,0.145081,0.257329,0.000000
0.1100,0.0375,0.108118,0.137892,0.249812,0.000000
0.1100,0.0450,0.112932,0.139606,0.266407,0.000000
0.1100,0.0525,0.120356,0.131127,0.264086,0.000000
0.1100,0.0600,0.124970,0.126708,0.261570,0.000000
0.1100,0.0675,0.123957,0.128937,0.270406,0.000000
0.1100,0.0750,0.126654,0.125288,0.258798,0.001459
0.1100,0.0825,0.134064,0.120407,0.267972,0.000000
0.1100,0.0900,0.140829,0.113487,0.265690,0.000000
0.1100,0.0975,0.138097,0.118819,0.267193,0.000000
0.1100,0.1050,0.134189,0.121021,0.271107,0.000000
0.1100,0.1125,0.129856,0.125876,0.274612,0.000000
0.1100,0.1200,0.138778,0.115475,0.264453,0.000000
0.1100,0.1275,0.151392,0.105818,0.263839,0.000000
0.1100,0.1350,0.154544,0.106549,0.269983,0.000000
0.1100,0.1425,0.156353,0.101753,0.260827,0.000000
0.1100,0.1500,0.168063,0.098591,0.265046,0.000000
0.1100,0.1575,0.154045,0.103741,0.258786,0.000000
0.1100,0.1650,0.159052,0.103476,0.271519,0.000000
0.1100,0.1725,0.188933,0.084485,0.247968,0.000000
0.1100,0.1800,0.167529,0.098083,0.270127,0.000000
0.1100,0.1875,0.182411,0.088001,0.258542,0.000000
0.1100,0.1950,0.181392,0.088700,0.258592,0.000000
0.1100,0.2025,0.174257,0.093802,0.265982,0.000000
0.1100,0.2100,0.172223,0.098719,0.270194,0.000000
0.1100,0.2175,0.190359,0.086776,0.248969,0.000000
0.1100,0.2250,0.190104,0.083354,0.237185,0.000000
0.1100,0.2325,0.183185,0.085608,0.251633,0.000000
0.1100,0.2400,0.195493,0.081139,0.245414,0.000000
0.1100,0.2475,0.201556,0.077278,0.232496,0.000000
0.1100,0.2550,0.196697,0.080798,0.243533,0.000000
0.1100,0.2625,0.222614,0.067044,0.212968,0.000000
0.1100,0.2700,0.221219,0.068386,0.203931,0.000000
0.1100,0.2775,0.207353,0.072784,0.218948,0.000000
0.1100,0.2850,0.203025,0.076771,0.240444,0.000000
0.1100,0.2925,0.215057,0.070880,0.211737,0.000000
0.1100,0.3000,0.212586,0.072599,0.229378,0.000000
0.1150,0.0000,0.097578,0.151577,0.250986,0.000000
0.1150,0.0075,0.119119,0.129776,0.255722,0.000000
0.1150,0.0150,0.105748,0.148889,0.263664,0.000000
0.1150,0.0225,0.111873,0.137935,0.257366,0.000000
0.1150,0.0300,0.105901,0.144369,0.257561,0.000000
0.1150,0.0375,0.124264,0.129365,0.271647,0.000000
0.1150,0.0450,0.128139,0.124177,0.262566,0.000000
0.1150,0.0525,0.130311,0.124881,0.271995,0.000000
0.1150,0.0600,0.131893,0.125667,0.269638,0.000000
0.1150,0.0675,0.145996,0.113344,0.267775,0.000000
0.1150,0.0750,0.134990,0.117737,0.266068,0.000000
0.1150,0.0825,0.153350,0.107068,0.266793,0.000000
0.1150,0.0900,0.121389,0.129200,0.261703,0.000000
0.1150,0.0975,0.150127,0.110214,0.269972,0.000000
0.1150,0.1050,0.154609,0.107696,0.270596,0.000000
0.1150,0.1125,0.138351,0.116510,0.268871,0.000000
0.1150,0.1200,0.145302,0.112906,0.269678,0.000000
0.1150,0.1275,0.159951,0.104698,0.274785,0.000000
0.1150,0.1350,0.161082,0.105865,0.278046,0.000000
0.1150,0.1425,0.150638,0.110010,0.272724,0.000000
0.1150,0.1500,0.171850,0.096133,0.265943,0.000000
0.1150,0.1575,0.162982,0.100518,0.268874,0.000000
0.1150,0.1650,0.182947,0.088508,0.257366,0.000000
0.1150,0.1725,0.177959,0.090305,0.256265,0.000000
0.1150,0.1800,0.169820,0.097904,0.254255,0.000000
0.1150,0.1875,0.169840,0.097370,0.262374,0.000000
0.1150,0.1950,0.175332,0.096785,0.268905,0.000000
0.1150,0.2025,0.180747,0.088829,0.256418,0.000000
0.1150,0.2100,0.191517,0.084865,0.249859,0.000000
0.1150,0.2175,0.199913,0.080235,0.246811,0.000000
0.1150,0.2250,0.183605,0.086785,0.248765,0.000000
0.1150,0.2325,0.189750,0.086062,0.254838,0.000000
0.1150,0.2400,0.186262,0.086795,0.255241,0.000000
0.1150,0.2475,0.201429,0.079864,0.235473,0.000000
0.1150,0.2550,0.195239,0.080521,0.249546,0.000000
0.1150,0.2625,0.190254,0.085103,0.250123,0.000000
0.1150,0.2700,0.200708,0.078756,0.239924,0.000000
0.1150,0.2775,0.228951,0.066377,0.191137,0.000000
0.1150,0.2850,0.222015,0.066724,0.208593,0.000000
0.1150,0.2925,0.206101,0.076590,0.236968,0.000000
0.1150,0.3000,0.215570,0.071122,0.222266,0.000000
0.1200,0.0000,0.105100,0.147983,0.262111,0.000000
0.1200,0.0075,0.110527,0.142657,0.268595,0.000000
0.1200,0.0150,0.122379,0.128515,0.259735,0.000000
0.1200,0.0225,0.120666,0.132280,0.264494,0.000000
0.1200,0.0300,0.129707,0.126950,0.273472,0.001225
0.1200,0.0375,0.127346,0.124987,0.268455,0.000000
0.1200,0.0450,0.128009,0.123322,0.262374,0.000000
0.1200,0.0525,0.117681,0.136762,0.259290,0.004842
0.1200,0.0600,0.147445,0.114591,0.273962,0.000000
0.1200,0.0675,0.140878,0.115491,0.269893,0.000000
0.1200,0.0750,0.134663,0.119576,0.267350,0.000000
0.1200,0.0825,0.149289,0.113333,0.268654,0.000000
0.1200,0.0900,0.141365,0.113771,0.261406,0.000000
0.1200,0.0975,0.158477,0.102042,0.265228,0.000000
0.1200,0.1050,0.149693,0.110918,0.271703,0.000000
0.1200,0.1125,0.155516,0.106387,0.274968,0.000000
0.1200,0.1200,0.151106,0.110406,0.273241,0.000000
0.1200,0.1275,0.148407,0.110268,0.265983,0.000000
0.1200,0.1350,0.162261,0.099877,0.265244,0.000000
0.1200,0.1425,0.172693,0.095451,0.267656,0.000000
0.1200,0.1500,0.172223,0.095943,0.261142,0.000000
0.1200,0.1575,0.171731,0.097439,0.258989,0.000000
0.1200,0.1650,0.158646,0.106834,0.275458,0.000000
0.1200,0.1725,0.167272,0.098278,0.269443,0.000000
0.1200,0.1800,0.175068,0.094435,0.260720,0.000000
0.1200,0.1875,0.183943,0.088011,0.251627,0.000000
0.1200,0.1950,0.180141,0.092480,0.271684,0.000000
0.1200,0.2025,0.192641,0.082818,0.246412,0.000000
0.1200,0.2100,0.186058,0.089478,0.259817,0.000000
0.1200,0.2175,0.191625,0.081220,0.242306,0.000000
0.1200,0.2250,0.201248,0.080367,0.236564,0.000000
0.1200,0.2325,0.192279,0.084253,0.243935,0.000000
0.1200,0.2400,0.202658,0.078670,0.241621,0.000000
0.1200,0.2475,0.188423,0.087781,0.249492,0.000000
0.1200,0.2550,0.205988,0.075997,0.233130,0.000000
0.1200,0.2625,0.211711,0.071522,0.224407,0.000000
0.1200,0.2700,0.214158,0.070384,0.222703,0.000000
0.1200,0.2775,0.220429,0.069013,0.215689,0.000000
0.1200,0.2850,0.206416,0.075730,0.228261,0.000000
0.1200,0.2925,0.225217,0.064546,0.201546,0.000000
0.1200,0.3000,0.222744,0.065222,0.211138,0.000000
0.1250,0.0000,0.105165,0.145662,0.261344,0.000000
0.1250,0.0075,0.106337,0.146977,0.262470,0.000000
0.1250,0.0150,0.126596,0.126671,0.268021,0.000000
0.1250,0.0225,0.118138,0.134878,0.267605,0.000000
0.1250,0.0300,0.129262,0.127591,0.277119,0.000000
0.1250,0.0375,0.132251,0.123210,0.273821,0.000000
0.1250,0.0450,0.115149,0.136932,0.268269,0.000000
0.1250,0.0525,0.129574,0.122587,0.259792,0.000000
0.1250,0.0600,0.135199,0.124073,0.271528,0.000543
0.1250,0.0675,0.130615,0.124184,0.271611,0.000000
0.1250,0.0750,0.133675,0.121359,0.256114,0.000000
0.1250,0.0825,0.156788,0.109078,0.279883,0.000000
0.1250,0.0900,0.143337,0.119362,0.283534,0.000000
0.1250,0.0975,0.159501,0.106378,0.275368,0.000000
0.1250,0.1050,0.141256,0.119088,0.275504,0.000000
0.1250,0.1125,0.158731,0.105390,0.274700,0.000000
0.1250,0.1200,0.162580,0.100152,0.266717,0.000000
0.1250,0.1275,0.164906,0.102828,0.268049,0.000000
0.1250,0.1350,0.152314,0.109882,0.277150,0.000000
0.1250,0.1425,0.171460,0.094336,0.264935,0.000000
0.1250,0.1500,0.174291,0.093688,0.265231,0.000000
0.1250,0.1575,0.169423,0.098246,0.266918,0.000000
0.1250,0.1650,0.171816,0.096252,0.265073,0.000000
0.1250,0.1725,0.168307,0.100136,0.259797,0.000000
0.1250,0.1800,0.177581,0.094370,0.267175,0.000000
0.1250,0.1875,0.180734,0.093204,0.267934,0.000000
0.1250,0.1950,0.179390,0.093342,0.261070,0.000000
0.1250,0.2025,0.203555,0.077214,0.241195,0.000000
0.1250,0.2100,0.196424,0.083858,0.250545,0.000000
0.1250,0.2175,0.197304,0.083785,0.245806,0.000000
0.1250,0.2250,0.202436,0.077618,0.234330,0.000000
0.1250,0.2325,0.195667,0.084928,0.243209,0.000000
0.1250,0.2400,0.208910,0.074688,0.225433,0.000000
0.1250,0.2475,0.203855,0.077462,0.243345,0.000000
0.1250,0.2550,0.211922,0.073686,0.222507,0.000000
0.1250,0.2625,0.215436,0.070054,0.221933,0.000000
0.1250,0.2700,0.212749,0.073677,0.224454,0.000000
0.1250,0.2775,0.219984,0.067412,0.209216,0.000000
0.1250,0.2850,0.216742,0.069878,0.221285,0.000000
0.1250,0.2925,0.203756,0.077262,0.232157,0.000000
0.1250,0.3000,0.231543,0.064168,0.190218,0.000000
0.1300,0.0000,0.117137,0.132674,0.262598,0.000000
0.1300,0.0075,0.109456,0.142160,0.265187,0.000000
0.1300,0.0150,0.120449,0.133183,0.271495,0.000000
0.1300,0.0225,0.122817,0.133900,0.271033,0.000000
0.1300,0.0300,0.119382,0.135249,0.265671,0.000181
0.1300,0.0375,0.139846,0.117621,0.276744,0.000000
0.1300,0.0450,0.130834,0.125450,0.272310,0.000000
0.1300,0.0525,0.146089,0.114832,0.277790,0.000000
0.1300,0.0600,0.139027,0.116982,0.270497,0.000000
0.1300,0.0675,0.143628,0.114894,0.275500,0.000000
0.1300,0.0750,0.139281,0.121869,0.273921,0.000000
0.1300,0.0825,0.148577,0.114285,0.272402,0.000000
0.1300,0.0900,0.156474,0.107977,0.275121,0.000000
0.1300,0.0975,0.144539,0.115994,0.279899,0.000000
0.1300,0.1050,0.154452,0.109309,0.278759,0.000000
0.1300,0.1125,0.152578,0.111324,0.280945,0.000000
0.1300,0.1200,0.146313,0.114580,0.271545,0.000000
0.1300,0.1275,0.152162,0.111802,0.275387,0.000000
0.1300,0.1350,0.164023,0.100383,0.264747,0.000000
0.1300,0.1425,0.167622,0.099362,0.269069,0.000000
0.1300,0.1500,0.176002,0.095010,0.267293,0.000000
0.1300,0.1575,0.171956,0.100588,0.265506,0.000000
0.1300,0.1650,0.176859,0.093910,0.264625,0.000000
0.1300,0.1725,0.188028,0.088069,0.260278,0.000000
0.1300,0.1800,0.176283,0.094392,0.270462,0.000000
0.1300,0.1875,0.190236,0.087805,0.262231,0.000000
0.1300,0.1950,0.182500,0.089465,0.253560,0.000000
0.1300,0.2025,0.187919,0.088451,0.256538,0.000000
0.1300,0.2100,0.182921,0.086398,0.256033,0.000000
0.1300,0.2175,0.191215,0.084421,0.246954,0.000000
0.1300,0.2250,0.211951,0.073438,0.226582,0.000000
0.1300,0.2325,0.208049,0.075439,0.238887,0.000000
0.1300,0.2400,0.210936,0.075019,0.215684,0.000000
0.1300,0.2475,0.217301,0.071811,0.225361,0.000000
0.1300,0.2550,0.206274,0.074086,0.231456,0.000000
0.1300,0.2625,0.219127,0.068633,0.214648,0.000000
0.1300,0.2700,0.211545,0.074998,0.231021,0.000000
0.1300,0.2775,0.215546,0.069699,0.226396,0.000000
0.1300,0.2850,0.224863,0.069199,0.211395,0.000000
0.1300,0.2925,0.221620,0.066198,0.202286,0.000000
0.1300,0.3000,0.229585,0.064072,0.200304,0.000000
0.1350,0.0000,0.117496,0.133797,0.266045,0.000000
0.1350,0.0075,0.113911,0.140454,0.262710,0.000760
0.1350,0.0150,0.126216,0.132416,0.275926,0.000000
0.1350,0.0225,0.134610,0.121138,0.264450,0.000000
0.1350,0.0300,0.124810,0.130843,0.270196,0.000000
0.1350,0.0375,0.132729,0.123916,0.274539,0.000000
0.1350,0.0450,0.134094,0.120499,0.268305,0.000000
0.1350,0.0525,0.144550,0.115868,0.275988,0.000000
0.1350,0.0600,0.134378,0.122916,0.270510,0.000000
0.1350,0.0675,0.148484,0.115595,0.279139,0.000000
0.1350,0.0750,0.152516,0.109438,0.269166,0.000000
0.1350,0.0825,0.155177,0.109033,0.277023,0.000000
0.1350,0.0900,0.160056,0.105460,0.277030,0.000000
0.1350,0.0975,0.159918,0.104365,0.271118,0.000000
0.1350,0.1050,0.148246,0.111929,0.268581,0.000000
0.1350,0.1125,0.162084,0.103582,0.274170,0.000000
0.1350,0.1200,0.167657,0.099743,0.270083,0.000000
0.1350,0.1275,0.172860,0.097568,0.263463,0.000000
0.1350,0.1350,0.162901,0.102053,0.264972,0.000000
0.1350,0.1425,0.166015,0.101392,0.269403,0.000000
0.1350,0.1500,0.159345,0.103031,0.261852,0.000000
0.1350,0.1575,0.175024,0.097217,0.272964,0.000000
0.1350,0.1650,0.170535,0.097035,0.268132,0.000000
0.1350,0.1725,0.193195,0.082899,0.248120,0.000000
0.1350,0.1800,0.190622,0.085718,0.251977,0.000000
0.1350,0.1875,0.186474,0.087734,0.262274,0.000000
0.1350,0.1950,0.197260,0.079696,0.240459,0.000000
0.1350,0.2025,0.216351,0.072488,0.228709,0.000000
0.1350,0.2100,0.208347,0.074930,0.236305,0.000000
0.1350,0.2175,0.214597,0.072180,0.225802,0.000000
0.1350,0.2250,0.196583,0.083204,0.247325,0.000000
0.1350,0.2325,0.196442,0.082561,0.257592,0.000000
0.1350,0.2400,0.208449,0.076255,0.239837,0.000000
0.1350,0.2475,0.213069,0.075766,0.230682,0.000000
0.1350,0.2550,0.202831,0.078999,0.230892,0.000000
0.1350,0.2625,0.211382,0.075749,0.238931,0.000000
0.1350,0.2700,0.210628,0.072771,0.226876,0.000000
0.1350,0.2775,0.225606,0.066829,0.210798,0.000000
0.1350,0.2850,0.231392,0.063958,0.180391,0.000000
0.1350,0.2925,0.225863,0.067475,0.206096,0.000000
0.1350,0.3000,0.238228,0.059612,0.179266,0.000000
0.1400,0.0000,0.113143,0.144798,0.276221,0.000000
0.1400,0.0075,0.110314,0.143851,0.261872,0.000415
0.1400,0.0150,0.127197,0.128051,0.270487,0.000000
0.1400,0.0225,0.131483,0.124916,0.273641,0.000000
0.1400,0.0300,0.133307,0.125926,0.277740,0.000000
0.1400,0.0375,0.130409,0.127531,0.276154,0.000000
0.1400,0.0450,0.149682,0.113070,0.272311,0.000000
0.1400,0.0525,0.133023,0.124851,0.276831,0.000000
0.1400,0.0600,0.139607,0.119964,0.272966,0.000000
0.1400,0.0675,0.149065,0.112236,0.275925,0.000000
0.1400,0.0750,0.160374,0.103810,0.263437,0.000000
0.1400,0.0825,0.162804,0.102827,0.270587,0.000000
0.1400,0.0900,0.153232,0.109334,0.278317,0.000000
0.1400,0.0975,0.168483,0.099422,0.262654,0.000000
0.1400,0.1050,0.156125,0.107793,0.273261,0.000000
0.1400,0.1125,0.177092,0.092081,0.261166,0.000000
0.1400,0.1200,0.159810,0.106626,0.272777,0.000000
0.1400,0.1275,0.168064,0.101397,0.274113,0.000000
0.1400,0.1350,0.172923,0.096596,0.267928,0.000000
0.1400,0.1425,0.178727,0.092690,0.264421,0.000000
0.1400,0.1500,0.163807,0.102426,0.272095,0.000000
0.1400,0.1575,0.183598,0.088002,0.257650,0.000000
0.1400,0.1650,0.191340,0.086436,0.261644,0.000000
0.1400,0.1725,0.192303,0.084723,0.251157,0.000000
0.1400,0.1800,0.186266,0.088679,0.261739,0.000000
0.1400,0.1875,0.194690,0.083417,0.247439,0.000000
0.1400,0.1950,0.196532,0.082896,0.250367,0.000000
0.1400,0.2025,0.205085,0.077638,0.235979,0.000000
0.1400,0.2100,0.197270,0.081452,0.247308,0.000000
0.1400,0.2175,0.211820,0.072212,0.232600,0.000000
0.1400,0.2250,0.203027,0.079866,0.241990,0.000000
0.1400,0.2325,0.203658,0.078367,0.240910,0.000000
0.1400,0.2400,0.216701,0.072896,0.224444,0.000000
0.1400,0.2475,0.212570,0.073419,0.216250,0.000000
0.1400,0.2550,0.217132,0.071822,0.216522,0.000000
0.1400,0.2625,0.214294,0.071907,0.224842,0.000000
0.1400,0.2700,0.233751,0.059873,0.174193,0.000000
0.1400,0.2775,0.239405,0.060659,0.168385,0.000000
0.1400,0.2850,0.235186,0.062323,0.183001,0.000000
0.1400,0.2925,0.224061,0.065667,0.204218,0.000000
0.1400,0.3000,0.232637,0.063309,0.195353,0.000000
0.1450,0.0000,0.121147,0.137942,0.278749,0.000000
0.1450,0.0075,0.131128,0.127645,0.276902,0.000000
0.1450,0.0150,0.120318,0.133016,0.270317,0.000000
0.1450,0.0225,0.133113,0.124160,0.274010,0.000000
0.1450,0.0300,0.133442,0.127393,0.279057,0.000000
0.1450,0.0375,0.144102,0.118175,0.280848,0.000000
0.1450,0.0450,0.153813,0.110369,0.272341,0.000000
0.1450,0.0525,0.147873,0.115638,0.285493,0.000000
0.1450,0.0600,0.149681,0.112323,0.277355,0.000000
0.1450,0.0675,0.152812,0.112714,0.281272,0.000000
0.1450,0.0750,0.152288,0.113081,0.287107,0.000000
0.1450,0.0825,0.157477,0.108113,0.274081,0.000000
0.1450,0.0900,0.169658,0.098049,0.269004,0.000000
0.1450,0.0975,0.156288,0.109342,0.278702,0.000000
0.1450,0.1050,0.157185,0.110388,0.283718,0.000000
0.1450,0.1125,0.169796,0.100166,0.278632,0.000000
0.1450,0.1200,0.170961,0.098115,0.272794,0.000000
0.1450,0.1275,0.162559,0.101349,0.266950,0.000000
0.1450,0.1350,0.172726,0.098177,0.265329,0.000000
0.1450,0.1425,0.165441,0.101353,0.275647,0.000000
0.1450,0.1500,0.175982,0.093689,0.269919,0.000000
0.1450,0.1575,0.180580,0.092917,0.269588,0.000000
0.1450,0.1650,0.199420,0.081498,0.242633,0.000000
0.1450,0.1725,0.187645,0.087268,0.260790,0.000000
0.1450,0.1800,0.193572,0.087288,0.252916,0.000000
0.1450,0.1875,0.199953,0.081632,0.251009,0.000000
0.1450,0.1950,0.201330,0.081319,0.250394,0.000000
0.1450,0.2025,0.211366,0.074563,0.228453,0.000000
0.1450,0.2100,0.192470,0.083435,0.253971,0.000000
0.1450,0.2175,0.199582,0.081450,0.243956,0.000000
0.1450,0.2250,0.208285,0.075523,0.228038,0.000000
0.1450,0.2325,0.206843,0.076331,0.234134,0.000000
0.1450,0.2400,0.198555,0.080802,0.251312,0.000000
0.1450,0.2475,0.215808,0.073145,0.212948,0.000000
0.1450,0.2550,0.217201,0.071328,0.223731,0.000000
0.1450,0.2625,0.217705,0.073027,0.218665,0.000000
0.1450,0.2700,0.225930,0.065832,0.209660,0.000000
0.1450,0.2775,0.230927,0.065998,0.209936,0.000000
0.1450,0.2850,0.225412,0.066406,0.210508,0.000000
0.1450,0.2925,0.234039,0.062298,0.184501,0.000000
0.1450,0.3000,0.224768,0.066646,0.211887,0.000000
0.1500,0.0000,0.129418,0.127402,0.275377,0.000000
0.1500,0.0075,0.132993,0.126239,0.274578,0.000000
0.1500,0.0150,0.121238,0.136349,0.269336,0.000000
0.1500,0.0225,0.148056,0.116419,0.281117,0.000000
0.1500,0.0300,0.133401,0.126170,0.277090,0.000000
0.1500,0.0375,0.155986,0.107031,0.275172,0.000000
0.1500,0.0450,0.142209,0.118187,0.279615,0.000000
0.1500,0.0525,0.150319,0.114357,0.284513,0.000000
0.1500,0.0600,0.153307,0.112778,0.280364,0.000000
0.1500,0.0675,0.167946,0.101692,0.279993,0.000000
0.1500,0.0750,0.166307,0.101618,0.272741,0.000000
0.1500,0.0825,0.167018,0.105306,0.274403,0.000000
0.1500,0.0900,0.166999,0.103259,0.281060,0.000000
0.1500,0.0975,0.165147,0.103412,0.280726,0.000000
0.1500,0.1050,0.170098,0.099821,0.274043,0.000000
0.1500,0.1125,0.178530,0.091481,0.257336,0.000000
0.1500,0.1200,0.178944,0.093353,0.264486,0.000000
0.1500,0.1275,0.169582,0.099760,0.268765,0.000000
0.1500,0.1350,0.183359,0.091995,0.265157,0.000000
0.1500,0.1425,0.201139,0.079002,0.243264,0.000000
0.1500,0.1500,0.172169,0.098261,0.275512,0.000000
0.1500,0.1575,0.186346,0.088206,0.259581,0.000000
0.1500,0.1650,0.192503,0.086501,0.249473,0.000000
0.1500,0.1725,0.211068,0.075496,0.232552,0.000000
0.1500,0.1800,0.205293,0.078101,0.249392,0.000000
0.1500,0.1875,0.215325,0.071678,0.227251,0.000000
0.1500,0.1950,0.201132,0.082237,0.247705,0.000000
0.1500,0.2025,0.197201,0.084479,0.258413,0.000000
0.1500,0.2100,0.199004,0.080806,0.247389,0.000000
0.1500,0.2175,0.217281,0.072190,0.224893,0.000000
0.1500,0.2250,0.219892,0.068814,0.213501,0.000000
0.1500,0.2325,0.211145,0.074192,0.239427,0.000000
0.1500,0.2400,0.214280,0.072842,0.230874,0.000000
0.1500,0.2475,0.206881,0.079213,0.240817,0.000000
0.1500,0.2550,0.212578,0.075136,0.239191,0.000000
0.1500,0.2625,0.236434,0.061898,0.180677,0.000000
0.1500,0.2700,0.226195,0.068244,0.197383,0.000000
0.1500,0.2775,0.225110,0.066706,0.212409,0.000000
0.1500,0.2850,0.251864,0.055846,0.151609,0.000000
0.1500,0.2925,0.244933,0.058225,0.157238,0.000000
0.1500,0.3000,0.256320,0.052446,0.137888,0.000000
