noise_strength,eve_rate,qber_mean
0.0000,0.0000,0.000000
0.0000,0.0075,0.003985
0.0000,0.0150,0.005951
0.0000,0.0225,0.011331
0.0000,0.0300,0.018786
0.0000,0.0375,0.017729
0.0000,0.0450,0.024834
0.0000,0.0525,0.029402
0.0000,0.0600,0.031307
0.0000,0.0675,0.034392
0.0000,0.0750,0.035526
0.0000,0.0825,0.036997
0.0000,0.0900,0.054926
0.0000,0.0975,0.047623
0.0000,0.1050,0.052209
0.0000,0.1125,0.063733
0.0000,0.1200,0.054424
0.0000,0.1275,0.062535
0.0000,0.1350,0.075700
0.0000,0.1425,0.065199
0.0000,0.1500,0.073960
0.0000,0.1575,0.071435
0.0000,0.1650,0.088388
0.0000,0.1725,0.086555
0.0000,0.1800,0.099589
0.0000,0.1875,0.099015
0.0000,0.1950,0.105395
0.0000,0.2025,0.101216
0.0000,0.2100,0.105064
0.0000,0.2175,0.102773
0.0000,0.2250,0.112911
0.0000,0.2325,0.107686
0.0000,0.2400,0.123021
0.0000,0.2475,0.124410
0.0000,0.2550,0.126638
0.0000,0.2625,0.130178
0.0000,0.2700,0.133729
0.0000,0.2775,0.140918
0.0000,0.2850,0.132183
0.0000,0.2925,0.148801
0.0000,0.3000,0.152586
0.0020,0.0000,0.002432
0.0020,0.0075,0.004936
0.0020,0.0150,0.011790
0.0020,0.0225,0.013494
0.0020,0.0300,0.018268
0.0020,0.0375,0.023804
0.0020,0.0450,0.023270
0.0020,0.0525,0.028216
0.0020,0.0600,0.031442
0.0020,0.0675,0.036567
0.0020,0.0750,0.037932
0.0020,0.0825,0.041269
0.0020,0.0900,0.044794
0.0020,0.0975,0.054899
0.0020,0.1050,0.052633
0.0020,0.1125,0.058219
0.0020,0.1200,0.056939
0.0020,0.1275,0.071810
0.0020,0.1350,0.061967
0.0020,0.1425,0.063444
0.0020,0.1500,0.081996
0.0020,0.1575,0.072983
0.0020,0.1650,0.086549
0.0020,0.1725,0.088338
0.0020,0.1800,0.088868
0.0020,0.1875,0.097542
0.0020,0.1950,0.085946
0.0020,0.2025,0.102022
0.0020,0.2100,0.104399
0.0020,0.2175,0.119089
0.0020,0.2250,0.115658
0.0020,0.2325,0.125364
0.0020,0.2400,0.123770
0.0020,0.2475,0.124825
0.0020,0.2550,0.121207
0.0020,0.2625,0.134117
0.0020,0.2700,0.137552
0.0020,0.2775,0.144340
0.0020,0.2850,0.141114
0.0020,0.2925,0.142307
0.0020,0.3000,0.158026
0.0040,0.0000,0.005391
0.0040,0.0075,0.008582
0.0040,0.0150,0.010272
0.0040,0.0225,0.014965
0.0040,0.0300,0.018149
0.0040,0.0375,0.024847
0.0040,0.0450,0.027937
0.0040,0.0525,0.036095
0.0040,0.0600,0.027697
0.0040,0.0675,0.033953
0.0040,0.0750,0.040261
0.0040,0.0825,0.047033
0.0040,0.0900,0.043565
0.0040,0.0975,0.040715
0.0040,0.1050,0.053083
0.0040,0.1125,0.059010
0.0040,0.1200,0.063261
0.0040,0.1275,0.071040
0.0040,0.1350,0.066312
0.0040,0.1425,0.074719
0.0040,0.1500,0.074872
0.0040,0.1575,0.072411
0.0040,0.1650,0.092833
0.0040,0.1725,0.081994
0.0040,0.1800,0.090682
0.0040,0.1875,0.091823
0.0040,0.1950,0.099092
0.0040,0.2025,0.100284
0.0040,0.2100,0.110340
0.0040,0.2175,0.118796
0.0040,0.2250,0.106044
0.0040,0.2325,0.121422
0.0040,0.2400,0.121379
0.0040,0.2475,0.125100
0.0040,0.2550,0.132917
0.0040,0.2625,0.125413
0.0040,0.2700,0.138005
0.0040,0.2775,0.141462
0.0040,0.2850,0.144856
0.0040,0.2925,0.165263
0.0040,0.3000,0.162669
0.0060,0.0000,0.007578
0.0060,0.0075,0.013521
0.0060,0.0150,0.008195
0.0060,0.0225,0.017364
0.0060,0.0300,0.020539
0.0060,0.0375,0.025504
0.0060,0.0450,0.030156
0.0060,0.0525,0.034356
0.0060,0.0600,0.034758
0.0060,0.0675,0.036166
0.0060,0.0750,0.041293
0.0060,0.0825,0.047053
0.0060,0.0900,0.048629
0.0060,0.0975,0.053573
0.0060,0.1050,0.056571
0.0060,0.1125,0.051844
0.0060,0.1200,0.063197
0.0060,0.1275,0.059536
0.0060,0.1350,0.067242
0.0060,0.1425,0.076822
0.0060,0.1500,0.085461
0.0060,0.1575,0.079081
0.0060,0.1650,0.088492
0.0060,0.1725,0.095894
0.0060,0.1800,0.094703
0.0060,0.1875,0.081054
0.0060,0.1950,0.101801
0.0060,0.2025,0.105235
0.0060,0.2100,0.114802
0.0060,0.2175,0.107740
0.0060,0.2250,0.113499
0.0060,0.2325,0.121427
0.0060,0.2400,0.125956
0.0060,0.2475,0.130002
0.0060,0.2550,0.135773
0.0060,0.2625,0.133741
0.0060,0.2700,0.134068
0.0060,0.2775,0.147013
0.0060,0.2850,0.148831
0.0060,0.2925,0.142492
0.0060,0.3000,0.143656
0.0080,0.0000,0.007304
0.0080,0.0075,0.009793
0.0080,0.0150,0.012254
0.0080,0.0225,0.019435
0.0080,0.0300,0.020915
0.0080,0.0375,0.027781
0.0080,0.0450,0.025498
0.0080,0.0525,0.037018
0.0080,0.0600,0.032775
0.0080,0.0675,0.045762
0.0080,0.0750,0.039838
0.0080,0.0825,0.046137
0.0080,0.0900,0.056755
0.0080,0.0975,0.054774
0.0080,0.1050,0.059519
0.0080,0.1125,0.058300
0.0080,0.1200,0.067420
0.0080,0.1275,0.069332
0.0080,0.1350,0.076968
0.0080,0.1425,0.071577
0.0080,0.1500,0.080753
0.0080,0.1575,0.077497
0.0080,0.1650,0.083011
0.0080,0.1725,0.096270
0.0080,0.1800,0.099390
0.0080,0.1875,0.092582
0.0080,0.1950,0.116383
0.0080,0.2025,0.104811
0.0080,0.2100,0.117758
0.0080,0.2175,0.114808
0.0080,0.2250,0.111446
0.0080,0.2325,0.118795
0.0080,0.2400,0.136529
0.0080,0.2475,0.132783
0.0080,0.2550,0.133927
0.0080,0.2625,0.146316
0.0080,0.2700,0.140301
0.0080,0.2775,0.144786
0.0080,0.2850,0.158277
0.0080,0.2925,0.154262
0.0080,0.3000,0.152109
0.0100,0.0000,0.011069
0.0100,0.0075,0.011127
0.0100,0.0150,0.020014
0.0100,0.0225,0.014910
0.0100,0.0300,0.026899
0.0100,0.0375,0.031301
0.0100,0.0450,0.029433
0.0100,0.0525,0.036677
0.0100,0.0600,0.031510
0.0100,0.0675,0.036324
0.0100,0.0750,0.045832
0.0100,0.0825,0.044112
0.0100,0.0900,0.055808
0.0100,0.0975,0.056938
0.0100,0.1050,0.053164
0.0100,0.1125,0.064743
0.0100,0.1200,0.065068
0.0100,0.1275,0.071668
0.0100,0.1350,0.075218
0.0100,0.1425,0.078193
0.0100,0.1500,0.078014
0.0100,0.1575,0.085333
0.0100,0.1650,0.096307
0.0100,0.1725,0.088856
0.0100,0.1800,0.102116
0.0100,0.1875,0.095575
0.0100,0.1950,0.107273
0.0100,0.2025,0.111530
0.0100,0.2100,0.119986
0.0100,0.2175,0.125523
0.0100,0.2250,0.127805
0.0100,0.2325,0.122839
0.0100,0.2400,0.116813
0.0100,0.2475,0.120227
0.0100,0.2550,0.133744
0.0100,0.2625,0.137919
0.0100,0.2700,0.134591
0.0100,0.2775,0.139104
0.0100,0.2850,0.132927
0.0100,0.2925,0.168696
0.0100,0.3000,0.159029
0.0120,0.0000,0.012952
0.0120,0.0075,0.016275
0.0120,0.0150,0.020872
0.0120,0.0225,0.031223
0.0120,0.0300,0.024704
0.0120,0.0375,0.031958
0.0120,0.0450,0.034856
0.0120,0.0525,0.038970
0.0120,0.0600,0.036591
0.0120,0.0675,0.045964
0.0120,0.0750,0.048850
0.0120,0.0825,0.049477
0.0120,0.0900,0.052188
0.0120,0.0975,0.056499
0.0120,0.1050,0.057841
0.0120,0.1125,0.057998
0.0120,0.1200,0.077542
0.0120,0.1275,0.067569
0.0120,0.1350,0.082268
0.0120,0.1425,0.080424
0.0120,0.1500,0.082086
0.0120,0.1575,0.098804
0.0120,0.1650,0.098555
0.0120,0.1725,0.091395
0.0120,0.1800,0.101067
0.0120,0.1875,0.098647
0.0120,0.1950,0.105316
0.0120,0.2025,0.116965
0.0120,0.2100,0.123069
0.0120,0.2175,0.112789
0.0120,0.2250,0.122816
0.0120,0.2325,0.118111
0.0120,0.2400,0.119577
0.0120,0.2475,0.134571
0.0120,0.2550,0.141132
0.0120,0.2625,0.131256
0.0120,0.2700,0.154696
0.0120,0.2775,0.142585
0.0120,0.2850,0.141878
0.0120,0.2925,0.153311
0.0120,0.3000,0.161528
0.0140,0.0000,0.012575
0.0140,0.0075,0.022745
0.0140,0.0150,0.018079
0.0140,0.0225,0.024296
0.0140,0.0300,0.031607
0.0140,0.0375,0.025887
0.0140,0.0450,0.038628
0.0140,0.0525,0.035752
0.0140,0.0600,0.041617
0.0140,0.0675,0.046339
0.0140,0.0750,0.045727
0.0140,0.0825,0.060414
0.0140,0.0900,0.056177
0.0140,0.0975,0.062869
0.0140,0.1050,0.069030
0.0140,0.1125,0.066333
0.0140,0.1200,0.074428
0.0140,0.1275,0.076355
0.0140,0.1350,0.082542
0.0140,0.1425,0.077473
0.0140,0.1500,0.084027
0.0140,0.1575,0.095247
0.0140,0.1650,0.096891
0.0140,0.1725,0.093133
0.0140,0.1800,0.097742
0.0140,0.1875,0.100757
0.0140,0.1950,0.112356
0.0140,0.2025,0.111978
0.0140,0.2100,0.114923
0.0140,0.2175,0.121929
0.0140,0.2250,0.117198
0.0140,0.2325,0.128898
0.0140,0.2400,0.129610
0.0140,0.2475,0.141906
0.0140,0.2550,0.147598
0.0140,0.2625,0.142754
0.0140,0.2700,0.154245
0.0140,0.2775,0.151574
0.0140,0.2850,0.162660
0.0140,0.2925,0.160059
0.0140,0.3000,0.173161
0.0160,0.0000,0.011583
0.0160,0.0075,0.017610
0.0160,0.0150,0.019347
0.0160,0.0225,0.024157
0.0160,0.0300,0.031512
0.0160,0.0375,0.028279
0.0160,0.0450,0.039810
0.0160,0.0525,0.048302
0.0160,0.0600,0.043601
0.0160,0.0675,0.042440
0.0160,0.0750,0.048913
0.0160,0.0825,0.059039
0.0160,0.0900,0.063333
0.0160,0.0975,0.064565
0.0160,0.1050,0.069591
0.0160,0.1125,0.062328
0.0160,0.1200,0.065615
0.0160,0.1275,0.075522
0.0160,0.1350,0.086755
0.0160,0.1425,0.090564
0.0160,0.1500,0.093056
0.0160,0.1575,0.081869
0.0160,0.1650,0.099360
0.0160,0.1725,0.091211
0.0160,0.1800,0.099720
0.0160,0.1875,0.107188
0.0160,0.1950,0.109496
0.0160,0.2025,0.116402
0.0160,0.2100,0.114360
0.0160,0.2175,0.124943
0.0160,0.2250,0.121899
0.0160,0.2325,0.124608
0.0160,0.2400,0.134019
0.0160,0.2475,0.144072
0.0160,0.2550,0.136511
0.0160,0.2625,0.155930
0.0160,0.2700,0.147278
0.0160,0.2775,0.154056
0.0160,0.2850,0.161804
0.0160,0.2925,0.172088
0.0160,0.3000,0.150219
0.0180,0.0000,0.016939
0.0180,0.0075,0.019830
0.0180,0.0150,0.023968
0.0180,0.0225,0.029870
0.0180,0.0300,0.029540
0.0180,0.0375,0.025133
0.0180,0.0450,0.039291
0.0180,0.0525,0.044591
0.0180,0.0600,0.053322
0.0180,0.0675,0.052840
0.0180,0.0750,0.059814
0.0180,0.0825,0.055621
0.0180,0.0900,0.055577
0.0180,0.0975,0.055929
0.0180,0.1050,0.071722
0.0180,0.1125,0.067861
0.0180,0.1200,0.067407
0.0180,0.1275,0.076418
0.0180,0.1350,0.076018
0.0180,0.1425,0.080381
0.0180,0.1500,0.090637
0.0180,0.1575,0.098688
0.0180,0.1650,0.095888
0.0180,0.1725,0.090024
0.0180,0.1800,0.101146
0.0180,0.1875,0.108794
0.0180,0.1950,0.108595
0.0180,0.2025,0.116383
0.0180,0.2100,0.119287
0.0180,0.2175,0.119049
0.0180,0.2250,0.130106
0.0180,0.2325,0.137570
0.0180,0.2400,0.142320
0.0180,0.2475,0.145504
0.0180,0.2550,0.145487
0.0180,0.2625,0.138289
0.0180,0.2700,0.144541
0.0180,0.2775,0.147318
0.0180,0.2850,0.142801
0.0180,0.2925,0.164930
0.0180,0.3000,0.163052
0.0200,0.0000,0.022676
0.0200,0.0075,0.021829
0.0200,0.0150,0.024888
0.0200,0.0225,0.025771
0.0200,0.0300,0.034766
0.0200,0.0375,0.033260
0.0200,0.0450,0.039105
0.0200,0.0525,0.040438
0.0200,0.0600,0.049289
0.0200,0.0675,0.050509
0.0200,0.0750,0.052710
0.0200,0.0825,0.058660
0.0200,0.0900,0.068302
0.0200,0.0975,0.071395
0.0200,0.1050,0.073713
0.0200,0.1125,0.071699
0.0200,0.1200,0.076440
0.0200,0.1275,0.072316
0.0200,0.1350,0.098845
0.0200,0.1425,0.077664
0.0200,0.1500,0.092843
0.0200,0.1575,0.097657
0.0200,0.1650,0.092613
0.0200,0.1725,0.113594
0.0200,0.1800,0.108432
0.0200,0.1875,0.120553
0.0200,0.1950,0.125076
0.0200,0.2025,0.122460
0.0200,0.2100,0.111532
0.0200,0.2175,0.115921
0.0200,0.2250,0.124733
0.0200,0.2325,0.135522
0.0200,0.2400,0.140660
0.0200,0.2475,0.135846
0.0200,0.2550,0.148559
0.0200,0.2625,0.151872
0.0200,0.2700,0.151976
0.0200,0.2775,0.155895
0.0200,0.2850,0.157709
0.0200,0.2925,0.159029
0.0200,0.3000,0.161098
0.0220,0.0000,0.021710
0.0220,0.0075,0.030205
0.0220,0.0150,0.030123
0.0220,0.0225,0.036326
0.0220,0.0300,0.041443
0.0220,0.0375,0.043744
0.0220,0.0450,0.041209
0.0220,0.0525,0.041904
0.0220,0.0600,0.052731
0.0220,0.0675,0.058659
0.0220,0.0750,0.059856
0.0220,0.0825,0.060219
0.0220,0.0900,0.061673
0.0220,0.0975,0.069585
0.0220,0.1050,0.065321
0.0220,0.1125,0.075129
0.0220,0.1200,0.078974
0.0220,0.1275,0.088020
0.0220,0.1350,0.084070
0.0220,0.1425,0.089013
0.0220,0.1500,0.089092
0.0220,0.1575,0.100249
0.0220,0.1650,0.091104
0.0220,0.1725,0.107083
0.0220,0.1800,0.103611
0.0220,0.1875,0.116854
0.0220,0.1950,0.121889
0.0220,0.2025,0.113333
0.0220,0.2100,0.136174
0.0220,0.2175,0.122711
0.0220,0.2250,0.140150
0.0220,0.2325,0.134016
0.0220,0.2400,0.135256
0.0220,0.2475,0.132410
0.0220,0.2550,0.144556
0.0220,0.2625,0.169384
0.0220,0.2700,0.154508
0.0220,0.2775,0.143424
0.0220,0.2850,0.149602
0.0220,0.2925,0.159975
0.0220,0.3000,0.155493
0.0240,0.0000,0.022969
0.0240,0.0075,0.027690
0.0240,0.0150,0.027506
0.0240,0.0225,0.033662
0.0240,0.0300,0.038117
0.0240,0.0375,0.042347
0.0240,0.0450,0.044536
0.0240,0.0525,0.047457
0.0240,0.0600,0.058274
0.0240,0.0675,0.058752
0.0240,0.0750,0.052871
0.0240,0.0825,0.069747
0.0240,0.0900,0.061375
0.0240,0.0975,0.070447
0.0240,0.1050,0.079010
0.0240,0.1125,0.080865
0.0240,0.1200,0.078138
0.0240,0.1275,0.072141
0.0240,0.1350,0.080950
0.0240,0.1425,0.092532
0.0240,0.1500,0.103406
0.0240,0.1575,0.100601
0.0240,0.1650,0.102532
0.0240,0.1725,0.100711
0.0240,0.1800,0.105798
0.0240,0.1875,0.119129
0.0240,0.1950,0.112304
0.0240,0.2025,0.117196
0.0240,0.2100,0.123734
0.0240,0.2175,0.129076
0.0240,0.2250,0.127429
0.0240,0.2325,0.129393
0.0240,0.2400,0.140680
0.0240,0.2475,0.147654
0.0240,0.2550,0.145636
0.0240,0.2625,0.143558
0.0240,0.2700,0.143002
0.0240,0.2775,0.165313
0.0240,0.2850,0.157062
0.0240,0.2925,0.162683
0.0240,0.3000,0.162605
0.0260,0.0000,0.027335
0.0260,0.0075,0.027845
0.0260,0.0150,0.031004
0.0260,0.0225,0.038858
0.0260,0.0300,0.038781
0.0260,0.0375,0.039434
0.0260,0.0450,0.049020
0.0260,0.0525,0.046880
0.0260,0.0600,0.049398
0.0260,0.0675,0.063327
0.0260,0.0750,0.065323
0.0260,0.0825,0.070891
0.0260,0.0900,0.062235
0.0260,0.0975,0.074833
0.0260,0.1050,0.077709
0.0260,0.1125,0.089920
0.0260,0.1200,0.075947
0.0260,0.1275,0.088439
0.0260,0.1350,0.087668
0.0260,0.1425,0.099262
0.0260,0.1500,0.093072
0.0260,0.1575,0.104802
0.0260,0.1650,0.102342
0.0260,0.1725,0.099617
0.0260,0.1800,0.109340
0.0260,0.1875,0.105034
0.0260,0.1950,0.113795
0.0260,0.2025,0.129006
0.0260,0.2100,0.124596
0.0260,0.2175,0.140691
0.0260,0.2250,0.123518
0.0260,0.2325,0.140314
0.0260,0.2400,0.140908
0.0260,0.2475,0.148178
0.0260,0.2550,0.150071
0.0260,0.2625,0.160161
0.0260,0.2700,0.148272
0.0260,0.2775,0.160108
0.0260,0.2850,0.168815
0.0260,0.2925,0.162351
0.0260,0.3000,0.164570
0.0280,0.0000,0.030035
0.0280,0.0075,0.028935
0.0280,0.0150,0.032445
0.0280,0.0225,0.039976
0.0280,0.0300,0.043834
0.0280,0.0375,0.043660
0.0280,0.0450,0.052149
0.0280,0.0525,0.043953
0.0280,0.0600,0.062802
0.0280,0.0675,0.056441
0.0280,0.0750,0.069150
0.0280,0.0825,0.067067
0.0280,0.0900,0.072791
0.0280,0.0975,0.074218
0.0280,0.1050,0.078042
0.0280,0.1125,0.084229
0.0280,0.1200,0.085525
0.0280,0.1275,0.083529
0.0280,0.1350,0.088414
0.0280,0.1425,0.086380
0.0280,0.1500,0.096049
0.0280,0.1575,0.101898
0.0280,0.1650,0.102244
0.0280,0.1725,0.113639
0.0280,0.1800,0.114514
0.0280,0.1875,0.114243
0.0280,0.1950,0.122665
0.0280,0.2025,0.129192
0.0280,0.2100,0.130264
0.0280,0.2175,0.140192
0.0280,0.2250,0.133546
0.0280,0.2325,0.138708
0.0280,0.2400,0.140824
0.0280,0.2475,0.140161
0.0280,0.2550,0.150640
0.0280,0.2625,0.147061
0.0280,0.2700,0.156763
0.0280,0.2775,0.150732
0.0280,0.2850,0.160721
0.0280,0.2925,0.160104
0.0280,0.3000,0.168843
0.0300,0.0000,0.029348
0.0300,0.0075,0.032584
0.0300,0.0150,0.034058
0.0300,0.0225,0.034885
0.0300,0.0300,0.040649
0.0300,0.0375,0.047450
0.0300,0.0450,0.053379
0.0300,0.0525,0.050161
0.0300,0.0600,0.046190
0.0300,0.0675,0.067003
0.0300,0.0750,0.064582
0.0300,0.0825,0.060121
0.0300,0.0900,0.078400
0.0300,0.0975,0.077504
0.0300,0.1050,0.090102
0.0300,0.1125,0.079067
0.0300,0.1200,0.084254
0.0300,0.1275,0.088632
0.0300,0.1350,0.103955
0.0300,0.1425,0.095135
0.0300,0.1500,0.093944
0.0300,0.1575,0.111220
0.0300,0.1650,0.119364
0.0300,0.1725,0.117086
0.0300,0.1800,0.119021
0.0300,0.1875,0.114373
0.0300,0.1950,0.124244
0.0300,0.2025,0.134089
0.0300,0.2100,0.139204
0.0300,0.2175,0.135759
0.0300,0.2250,0.143325
0.0300,0.2325,0.147318
0.0300,0.2400,0.137026
0.0300,0.2475,0.140339
0.0300,0.2550,0.141753
0.0300,0.2625,0.163976
0.0300,0.2700,0.152238
0.0300,0.2775,0.173785
0.0300,0.2850,0.162126
0.0300,0.2925,0.162689
0.0300,0.3000,0.171943
0.0320,0.0000,0.030172
0.0320,0.0075,0.034520
0.0320,0.0150,0.038936
0.0320,0.0225,0.043965
0.0320,0.0300,0.049244
0.0320,0.0375,0.055405
0.0320,0.0450,0.054152
0.0320,0.0525,0.055585
0.0320,0.0600,0.057645
0.0320,0.0675,0.059979
0.0320,0.0750,0.069086
0.0320,0.0825,0.070735
0.0320,0.0900,0.074118
0.0320,0.0975,0.085762
0.0320,0.1050,0.082682
0.0320,0.1125,0.078842
0.0320,0.1200,0.081800
0.0320,0.1275,0.091505
0.0320,0.1350,0.095238
0.0320,0.1425,0.097311
0.0320,0.1500,0.097932
0.0320,0.1575,0.116033
0.0320,0.1650,0.109005
0.0320,0.1725,0.101220
0.0320,0.1800,0.111635
0.0320,0.1875,0.115075
0.0320,0.1950,0.125573
0.0320,0.2025,0.116354
0.0320,0.2100,0.132289
0.0320,0.2175,0.130080
0.0320,0.2250,0.135214
0.0320,0.2325,0.146233
0.0320,0.2400,0.142128
0.0320,0.2475,0.145018
0.0320,0.2550,0.154223
0.0320,0.2625,0.152879
0.0320,0.2700,0.150600
0.0320,0.2775,0.161280
0.0320,0.2850,0.168311
0.0320,0.2925,0.169476
0.0320,0.3000,0.159365
0.0340,0.0000,0.032337
0.0340,0.0075,0.039012
0.0340,0.0150,0.038586
0.0340,0.0225,0.043234
0.0340,0.0300,0.048892
0.0340,0.0375,0.048756
0.0340,0.0450,0.056766
0.0340,0.0525,0.059774
0.0340,0.0600,0.059580
0.0340,0.0675,0.065481
0.0340,0.0750,0.066587
0.0340,0.0825,0.074085
0.0340,0.0900,0.072598
0.0340,0.0975,0.081411
0.0340,0.1050,0.081143
0.0340,0.1125,0.082813
0.0340,0.1200,0.092271
0.0340,0.1275,0.094225
0.0340,0.1350,0.093962
0.0340,0.1425,0.095071
0.0340,0.1500,0.108957
0.0340,0.1575,0.107056
0.0340,0.1650,0.106237
0.0340,0.1725,0.111977
0.0340,0.1800,0.115608
0.0340,0.1875,0.109822
0.0340,0.1950,0.115724
0.0340,0.2025,0.125263
0.0340,0.2100,0.125101
0.0340,0.2175,0.134761
0.0340,0.2250,0.145978
0.0340,0.2325,0.143989
0.0340,0.2400,0.161212
0.0340,0.2475,0.155799
0.0340,0.2550,0.159540
0.0340,0.2625,0.163435
0.0340,0.2700,0.160218
0.0340,0.2775,0.167492
0.0340,0.2850,0.156313
0.0340,0.2925,0.159697
0.0340,0.3000,0.171943
0.0360,0.0000,0.033505
0.0360,0.0075,0.035763
0.0360,0.0150,0.042334
0.0360,0.0225,0.042389
0.0360,0.0300,0.045589
0.0360,0.0375,0.048346
0.0360,0.0450,0.057294
0.0360,0.0525,0.062131
0.0360,0.0600,0.058616
0.0360,0.0675,0.071987
0.0360,0.0750,0.059577
0.0360,0.0825,0.070411
0.0360,0.0900,0.079386
0.0360,0.0975,0.079122
0.0360,0.1050,0.086973
0.0360,0.1125,0.081510
0.0360,0.1200,0.096748
0.0360,0.1275,0.098664
0.0360,0.1350,0.091531
0.0360,0.1425,0.095700
0.0360,0.1500,0.097216
0.0360,0.1575,0.106762
0.0360,0.1650,0.107802
0.0360,0.1725,0.118942
0.0360,0.1800,0.114504
0.0360,0.1875,0.126622
0.0360,0.1950,0.126058
0.0360,0.2025,0.125414
0.0360,0.2100,0.122146
0.0360,0.2175,0.130962
0.0360,0.2250,0.145462
0.0360,0.2325,0.140738
0.0360,0.2400,0.151207
0.0360,0.2475,0.143425
0.0360,0.2550,0.154097
0.0360,0.2625,0.148416
0.0360,0.2700,0.158093
0.0360,0.2775,0.159801
0.0360,0.2850,0.158104
0.0360,0.2925,0.181118
0.0360,0.3000,0.173249
0.0380,0.0000,0.036452
0.0380,0.0075,0.043612
0.0380,0.0150,0.046909
0.0380,0.0225,0.045700
0.0380,0.0300,0.052223
0.0380,0.0375,0.051821
0.0380,0.0450,0.061014
0.0380,0.0525,0.059863
0.0380,0.0600,0.068832
0.0380,0.0675,0.071506
0.0380,0.0750,0.062144
0.0380,0.0825,0.080287
0.0380,0.0900,0.080939
0.0380,0.0975,0.087393
0.0380,0.1050,0.073934
0.0380,0.1125,0.079334
0.0380,0.1200,0.088946
0.0380,0.1275,0.092983
0.0380,0.1350,0.088804
0.0380,0.1425,0.109069
0.0380,0.1500,0.110433
0.0380,0.1575,0.107203
0.0380,0.1650,0.106742
0.0380,0.1725,0.105060
0.0380,0.1800,0.123698
0.0380,0.1875,0.132207
0.0380,0.1950,0.116351
0.0380,0.2025,0.135260
0.0380,0.2100,0.129588
0.0380,0.2175,0.134634
0.0380,0.2250,0.138678
0.0380,0.2325,0.151126
0.0380,0.2400,0.151947
0.0380,0.2475,0.152032
0.0380,0.2550,0.152652
0.0380,0.2625,0.154413
0.0380,0.2700,0.164244
0.0380,0.2775,0.162628
0.0380,0.2850,0.165319
0.0380,0.2925,0.169736
0.0380,0.3000,0.192323
0.0400,0.0000,0.038352
0.0400,0.0075,0.040017
0.0400,0.0150,0.048618
0.0400,0.0225,0.050030
0.0400,0.0300,0.048066
0.0400,0.0375,0.059896
0.0400,0.0450,0.062026
0.0400,0.0525,0.057463
0.0400,0.0600,0.066890
0.0400,0.0675,0.075210
0.0400,0.0750,0.071578
0.0400,0.0825,0.064225
0.0400,0.0900,0.084330
0.0400,0.0975,0.092968
0.0400,0.1050,0.079572
0.0400,0.1125,0.087686
0.0400,0.1200,0.094900
0.0400,0.1275,0.092521
0.0400,0.1350,0.089835
0.0400,0.1425,0.115356
0.0400,0.1500,0.116491
0.0400,0.1575,0.111071
0.0400,0.1650,0.102121
0.0400,0.1725,0.122340
0.0400,0.1800,0.125268
0.0400,0.1875,0.129108
0.0400,0.1950,0.123895
0.0400,0.2025,0.131641
0.0400,0.2100,0.144315
0.0400,0.2175,0.137840
0.0400,0.2250,0.149685
0.0400,0.2325,0.135701
0.0400,0.2400,0.156728
0.0400,0.2475,0.142508
0.0400,0.2550,0.153749
0.0400,0.2625,0.146779
0.0400,0.2700,0.162390
0.0400,0.2775,0.160140
0.0400,0.2850,0.165384
0.0400,0.2925,0.185891
0.0400,0.3000,0.183192
0.0420,0.0000,0.042434
0.0420,0.0075,0.044769
0.0420,0.0150,0.047430
0.0420,0.0225,0.046305
0.0420,0.0300,0.054338
0.0420,0.0375,0.055875
0.0420,0.0450,0.058791
0.0420,0.0525,0.069345
0.0420,0.0600,0.071071
0.0420,0.0675,0.069259
0.0420,0.0750,0.073857
0.0420,0.0825,0.083748
0.0420,0.0900,0.080577
0.0420,0.0975,0.077234
0.0420,0.1050,0.085911
0.0420,0.1125,0.102065
0.0420,0.1200,0.103561
0.0420,0.1275,0.102255
0.0420,0.1350,0.106089
0.0420,0.1425,0.108203
0.0420,0.1500,0.100418
0.0420,0.1575,0.109622
0.0420,0.1650,0.119570
0.0420,0.1725,0.106200
0.0420,0.1800,0.127858
0.0420,0.1875,0.119015
0.0420,0.1950,0.128253
0.0420,0.2025,0.138309
0.0420,0.2100,0.137454
0.0420,0.2175,0.136329
0.0420,0.2250,0.143054
0.0420,0.2325,0.148381
0.0420,0.2400,0.146070
0.0420,0.2475,0.137556
0.0420,0.2550,0.152112
0.0420,0.2625,0.169148
0.0420,0.2700,0.161794
0.0420,0.2775,0.166966
0.0420,0.2850,0.169935
0.0420,0.2925,0.180724
0.0420,0.3000,0.179198
0.0440,0.0000,0.042490
0.0440,0.0075,0.043290
0.0440,0.0150,0.050780
0.0440,0.0225,0.054148
0.0440,0.0300,0.056349
0.0440,0.0375,0.054363
0.0440,0.0450,0.063447
0.0440,0.0525,0.063037
0.0440,0.0600,0.068101
0.0440,0.0675,0.074709
0.0440,0.0750,0.071549
0.0440,0.0825,0.085760
0.0440,0.0900,0.080837
0.0440,0.0975,0.088730
0.0440,0.1050,0.097990
0.0440,0.1125,0.089930
0.0440,0.1200,0.099114
0.0440,0.1275,0.097242
0.0440,0.1350,0.102467
0.0440,0.1425,0.110534
0.0440,0.1500,0.113581
0.0440,0.1575,0.121569
0.0440,0.1650,0.118129
0.0440,0.1725,0.127452
0.0440,0.1800,0.127954
0.0440,0.1875,0.120831
0.0440,0.1950,0.140627
0.0440,0.2025,0.130673
0.0440,0.2100,0.146607
0.0440,0.2175,0.143519
0.0440,0.2250,0.139102
0.0440,0.2325,0.150782
0.0440,0.2400,0.149585
0.0440,0.2475,0.160156
0.0440,0.2550,0.160071
0.0440,0.2625,0.167170
0.0440,0.2700,0.161886
0.0440,0.2775,0.184270
0.0440,0.2850,0.163465
0.0440,0.2925,0.173748
0.0440,0.3000,0.183147
0.0460,0.0000,0.041136
0.0460,0.0075,0.039965
0.0460,0.0150,0.050687
0.0460,0.0225,0.051503
0.0460,0.0300,0.048657
0.0460,0.0375,0.066551
0.0460,0.0450,0.058389
0.0460,0.0525,0.068342
0.0460,0.0600,0.066466
0.0460,0.0675,0.079400
0.0460,0.0750,0.076193
0.0460,0.0825,0.079710
0.0460,0.0900,0.086256
0.0460,0.0975,0.081227
0.0460,0.1050,0.087577
0.0460,0.1125,0.092175
0.0460,0.1200,0.102588
0.0460,0.1275,0.103053
0.0460,0.1350,0.099583
0.0460,0.1425,0.115727
0.0460,0.1500,0.121028
0.0460,0.1575,0.115057
0.0460,0.1650,0.124032
0.0460,0.1725,0.113597
0.0460,0.1800,0.130501
0.0460,0.1875,0.127469
0.0460,0.1950,0.137219
0.0460,0.2025,0.138174
0.0460,0.2100,0.134468
0.0460,0.2175,0.141418
0.0460,0.2250,0.145996
0.0460,0.2325,0.139343
0.0460,0.2400,0.153046
0.0460,0.2475,0.138479
0.0460,0.2550,0.167335
0.0460,0.2625,0.162450
0.0460,0.2700,0.165835
0.0460,0.2775,0.163472
0.0460,0.2850,0.161100
0.0460,0.2925,0.177113
0.0460,0.3000,0.171039
0.0480,0.0000,0.044945
0.0480,0.0075,0.053489
0.0480,0.0150,0.057641
0.0480,0.0225,0.053693
0.0480,0.0300,0.058493
0.0480,0.0375,0.060973
0.0480,0.0450,0.059276
0.0480,0.0525,0.068082
0.0480,0.0600,0.077136
0.0480,0.0675,0.074872
0.0480,0.0750,0.080467
0.0480,0.0825,0.091058
0.0480,0.0900,0.073852
0.0480,0.0975,0.092116
0.0480,0.1050,0.102193
0.0480,0.1125,0.085749
0.0480,0.1200,0.093808
0.0480,0.1275,0.103663
0.0480,0.1350,0.099721
0.0480,0.1425,0.113445
0.0480,0.1500,0.115907
0.0480,0.1575,0.125236
0.0480,0.1650,0.119125
0.0480,0.1725,0.132898
0.0480,0.1800,0.135832
0.0480,0.1875,0.135846
0.0480,0.1950,0.126802
0.0480,0.2025,0.135791
0.0480,0.2100,0.139987
0.0480,0.2175,0.139855
0.0480,0.2250,0.145697
0.0480,0.2325,0.142998
0.0480,0.2400,0.145470
0.0480,0.2475,0.174931
0.0480,0.2550,0.147379
0.0480,0.2625,0.164674
0.0480,0.2700,0.156005
0.0480,0.2775,0.173111
0.0480,0.2850,0.172863
0.0480,0.2925,0.171539
0.0480,0.3000,0.184180
0.0500,0.0000,0.052169
0.0500,0.0075,0.048936
0.0500,0.0150,0.057420
0.0500,0.0225,0.047735
0.0500,0.0300,0.067498
0.0500,0.0375,0.069183
0.0500,0.0450,0.066828
0.0500,0.0525,0.080078
0.0500,0.0600,0.069590
0.0500,0.0675,0.073105
0.0500,0.0750,0.077737
0.0500,0.0825,0.085932
0.0500,0.0900,0.088084
0.0500,0.0975,0.099454
0.0500,0.1050,0.094122
0.0500,0.1125,0.089821
0.0500,0.1200,0.096060
0.0500,0.1275,0.097088
0.0500,0.1350,0.109735
0.0500,0.1425,0.108814
0.0500,0.1500,0.114895
0.0500,0.1575,0.105628
0.0500,0.1650,0.124530
0.0500,0.1725,0.117394
0.0500,0.1800,0.135473
0.0500,0.1875,0.133400
0.0500,0.1950,0.144908
0.0500,0.2025,0.142192
0.0500,0.2100,0.147064
0.0500,0.2175,0.131920
0.0500,0.2250,0.142460
0.0500,0.2325,0.159381
0.0500,0.2400,0.148278
0.0500,0.2475,0.164303
0.0500,0.2550,0.161657
0.0500,0.2625,0.164755
0.0500,0.2700,0.169818
0.0500,0.2775,0.171731
0.0500,0.2850,0.174728
0.0500,0.2925,0.175726
0.0500,0.3000,0.176741
0.0520,0.0000,0.041623
0.0520,0.0075,0.058875
0.0520,0.0150,0.058569
0.0520,0.0225,0.069513
0.0520,0.0300,0.066466
0.0520,0.0375,0.073985
0.0520,0.0450,0.057005
0.0520,0.0525,0.075361
0.0520,0.0600,0.067968
0.0520,0.0675,0.077686
0.0520,0.0750,0.090500
0.0520,0.0825,0.093628
0.0520,0.0900,0.101211
0.0520,0.0975,0.087849
0.0520,0.1050,0.089465
0.0520,0.1125,0.096845
0.0520,0.1200,0.105348
0.0520,0.1275,0.101966
0.0520,0.1350,0.104917
0.0520,0.1425,0.111827
0.0520,0.1500,0.118972
0.0520,0.1575,0.118242
0.0520,0.1650,0.113042
0.0520,0.1725,0.123870
0.0520,0.1800,0.125557
0.0520,0.1875,0.129642
0.0520,0.1950,0.137387
0.0520,0.2025,0.153882
0.0520,0.2100,0.138208
0.0520,0.2175,0.138211
0.0520,0.2250,0.158718
0.0520,0.2325,0.163461
0.0520,0.2400,0.163729
0.0520,0.2475,0.154600
0.0520,0.2550,0.156196
0.0520,0.2625,0.168632
0.0520,0.2700,0.169478
0.0520,0.2775,0.169556
0.0520,0.2850,0.175910
0.0520,0.2925,0.183144
0.0520,0.3000,0.194790
0.0540,0.0000,0.042476
0.0540,0.0075,0.049181
0.0540,0.0150,0.053947
0.0540,0.0225,0.054367
0.0540,0.0300,0.054772
0.0540,0.0375,0.063674
0.0540,0.0450,0.068949
0.0540,0.0525,0.066219
0.0540,0.0600,0.078356
0.0540,0.0675,0.083171
0.0540,0.0750,0.090464
0.0540,0.0825,0.088554
0.0540,0.0900,0.097676
0.0540,0.0975,0.099459
0.0540,0.1050,0.107508
0.0540,0.1125,0.101169
0.0540,0.1200,0.099966
0.0540,0.1275,0.105197
0.0540,0.1350,0.103958
0.0540,0.1425,0.113718
0.0540,0.1500,0.105684
0.0540,0.1575,0.113734
0.0540,0.1650,0.122173
0.0540,0.1725,0.123978
0.0540,0.1800,0.125329
0.0540,0.1875,0.135652
0.0540,0.1950,0.141619
0.0540,0.2025,0.150863
0.0540,0.2100,0.143668
0.0540,0.2175,0.143136
0.0540,0.2250,0.144693
0.0540,0.2325,0.146879
0.0540,0.2400,0.153215
0.0540,0.2475,0.158710
0.0540,0.2550,0.160903
0.0540,0.2625,0.167974
0.0540,0.2700,0.181381
0.0540,0.2775,0.173649
0.0540,0.2850,0.175665
0.0540,0.2925,0.196084
0.0540,0.3000,0.185843
0.0560,0.0000,0.052199
0.0560,0.0075,0.061619
0.0560,0.0150,0.053734
0.0560,0.0225,0.077572
0.0560,0.0300,0.063742
0.0560,0.0375,0.075267
0.0560,0.0450,0.068360
0.0560,0.0525,0.079665
0.0560,0.0600,0.074449
0.0560,0.0675,0.085475
0.0560,0.0750,0.090101
0.0560,0.0825,0.084661
0.0560,0.0900,0.091353
0.0560,0.0975,0.090384
0.0560,0.1050,0.091609
0.0560,0.1125,0.102721
0.0560,0.1200,0.109014
0.0560,0.1275,0.110653
0.0560,0.1350,0.113341
0.0560,0.1425,0.117694
0.0560,0.1500,0.130091
0.0560,0.1575,0.110856
0.0560,0.1650,0.126405
0.0560,0.1725,0.133960
0.0560,0.1800,0.128589
0.0560,0.1875,0.133706
0.0560,0.1950,0.131913
0.0560,0.2025,0.148779
0.0560,0.2100,0.137802
0.0560,0.2175,0.144563
0.0560,0.2250,0.148329
0.0560,0.2325,0.167031
0.0560,0.2400,0.148982
0.0560,0.2475,0.156540
0.0560,0.2550,0.156291
0.0560,0.2625,0.160922
0.0560,0.2700,0.174612
0.0560,0.2775,0.172900
0.0560,0.2850,0.184177
0.0560,0.2925,0.175407
0.0560,0.3000,0.190689
0.0580,0.0000,0.051795
0.0580,0.0075,0.064500
0.0580,0.0150,0.050140
0.0580,0.0225,0.061580
0.0580,0.0300,0.070586
0.0580,0.0375,0.066917
0.0580,0.0450,0.071737
0.0580,0.0525,0.072622
0.0580,0.0600,0.074787
0.0580,0.0675,0.082733
0.0580,0.0750,0.091801
0.0580,0.0825,0.082202
0.0580,0.0900,0.103010
0.0580,0.0975,0.106839
0.0580,0.1050,0.095656
0.0580,0.1125,0.106700
0.0580,0.1200,0.108442
0.0580,0.1275,0.117871
0.0580,0.1350,0.117635
0.0580,0.1425,0.111823
0.0580,0.1500,0.121605
0.0580,0.1575,0.130353
0.0580,0.1650,0.123008
0.0580,0.1725,0.131361
0.0580,0.1800,0.122222
0.0580,0.1875,0.133176
0.0580,0.1950,0.139719
0.0580,0.2025,0.150962
0.0580,0.2100,0.147652
0.0580,0.2175,0.156605
0.0580,0.2250,0.158852
0.0580,0.2325,0.176778
0.0580,0.2400,0.171873
0.0580,0.2475,0.156737
0.0580,0.2550,0.172841
0.0580,0.2625,0.164625
0.0580,0.2700,0.167688
0.0580,0.2775,0.189897
0.0580,0.2850,0.186450
0.0580,0.2925,0.193136
0.0580,0.3000,0.199071
0.0600,0.0000,0.053776
0.0600,0.0075,0.069489
0.0600,0.0150,0.064171
0.0600,0.0225,0.068703
0.0600,0.0300,0.073225
0.0600,0.0375,0.076459
0.0600,0.0450,0.075840
0.0600,0.0525,0.079061
0.0600,0.0600,0.079988
0.0600,0.0675,0.089361
0.0600,0.0750,0.099508
0.0600,0.0825,0.088536
0.0600,0.0900,0.100551
0.0600,0.0975,0.092271
0.0600,0.1050,0.108491
0.0600,0.1125,0.102668
0.0600,0.1200,0.125845
0.0600,0.1275,0.101437
0.0600,0.1350,0.117596
0.0600,0.1425,0.107556
0.0600,0.1500,0.123643
0.0600,0.1575,0.130822
0.0600,0.1650,0.133286
0.0600,0.1725,0.128723
0.0600,0.1800,0.131833
0.0600,0.1875,0.138052
0.0600,0.1950,0.139136
0.0600,0.2025,0.145819
0.0600,0.2100,0.143454
0.0600,0.2175,0.152130
0.0600,0.2250,0.145096
0.0600,0.2325,0.145941
0.0600,0.2400,0.163502
0.0600,0.2475,0.174159
0.0600,0.2550,0.171810
0.0600,0.2625,0.171127
0.0600,0.2700,0.193343
0.0600,0.2775,0.178585
0.0600,0.2850,0.182702
0.0600,0.2925,0.193411
0.0600,0.3000,0.190574
